`loss_type=None` was set in the config but it is unrecognised.Using the default loss: `ForCausalLMLoss`.
Using device: cuda
--- Evaluation Setup ---
Model: english
Checkpoint: checkpoint-3000
Results CSV: experiments/output/v2/results.csv
Dataset: data_generation/outputs/impossible_blimp/v2/adjunct_island_20250623_165451.jsonl
Phenomenon: adjunct_island
Language: english
Timestamp: 20250623_165451
------------------------
Starting evaluation...
Paired evaluation results saved to experiments/output/v2/raw/english_checkpoint-3000_adjunct_island_20250623_165451_20250623_165451.csv
Evaluation finished. Processed 1000 sentence pairs.
Results have been saved to experiments/output/v2/results.csv

Experiment completed successfully.
--- Summary ---
Accuracy: 0.6250
Geometric Mean Perplexity (Good): 2331.3467
Geometric Mean Perplexity (Bad): 2636.8479
`loss_type=None` was set in the config but it is unrecognised.Using the default loss: `ForCausalLMLoss`.
Using device: cuda
--- Evaluation Setup ---
Model: shuffle_nondeterministic
Checkpoint: checkpoint-3000
Results CSV: experiments/output/v2/results.csv
Dataset: data_generation/outputs/impossible_blimp/v2/adjunct_island_20250623_165451%shuffle_nondeterministic.jsonl
Phenomenon: adjunct_island
Language: shuffle_nondeterministic
Timestamp: 20250623_165451
------------------------
Starting evaluation...
Paired evaluation results saved to experiments/output/v2/raw/shuffle_nondeterministic_checkpoint-3000_adjunct_island_20250623_165451_shuffle_nondeterministic_20250623_165451.csv
Evaluation finished. Processed 1000 sentence pairs.
Results have been saved to experiments/output/v2/results.csv

Experiment completed successfully.
--- Summary ---
Accuracy: 0.4730
Geometric Mean Perplexity (Good): 5623.0985
Geometric Mean Perplexity (Bad): 5372.9217
`loss_type=None` was set in the config but it is unrecognised.Using the default loss: `ForCausalLMLoss`.
Using device: cuda
--- Evaluation Setup ---
Model: shuffle_deterministic21
Checkpoint: checkpoint-3000
Results CSV: experiments/output/v2/results.csv
Dataset: data_generation/outputs/impossible_blimp/v2/adjunct_island_20250623_165451%shuffle_deterministic21.jsonl
Phenomenon: adjunct_island
Language: shuffle_deterministic21
Timestamp: 20250623_165451
------------------------
Starting evaluation...
Paired evaluation results saved to experiments/output/v2/raw/shuffle_deterministic21_checkpoint-3000_adjunct_island_20250623_165451_shuffle_deterministic21_20250623_165451.csv
Evaluation finished. Processed 1000 sentence pairs.
Results have been saved to experiments/output/v2/results.csv

Experiment completed successfully.
--- Summary ---
Accuracy: 0.7290
Geometric Mean Perplexity (Good): 3396.9193
Geometric Mean Perplexity (Bad): 4186.0696
Using device: cuda
--- Evaluation Setup ---
Model: shuffle_deterministic57
Checkpoint: checkpoint-3000
Results CSV: experiments/output/v2/results.csv
Dataset: data_generation/outputs/impossible_blimp/v2/adjunct_island_20250623_165451%shuffle_deterministic57.jsonl
Phenomenon: adjunct_island
Language: shuffle_deterministic57
Timestamp: 20250623_165451
------------------------
Starting evaluation...
Experiment failed: [Errno 2] No such file or directory: 'data_generation/outputs/impossible_blimp/v2/adjunct_island_20250623_165451%shuffle_deterministic57.jsonl'
Using device: cuda
--- Evaluation Setup ---
Model: shuffle_deterministic84
Checkpoint: checkpoint-3000
Results CSV: experiments/output/v2/results.csv
Dataset: data_generation/outputs/impossible_blimp/v2/adjunct_island_20250623_165451%shuffle_deterministic84.jsonl
Phenomenon: adjunct_island
Language: shuffle_deterministic84
Timestamp: 20250623_165451
------------------------
Starting evaluation...
Experiment failed: [Errno 2] No such file or directory: 'data_generation/outputs/impossible_blimp/v2/adjunct_island_20250623_165451%shuffle_deterministic84.jsonl'
`loss_type=None` was set in the config but it is unrecognised.Using the default loss: `ForCausalLMLoss`.
Using device: cuda
--- Evaluation Setup ---
Model: shuffle_local3
Checkpoint: checkpoint-3000
Results CSV: experiments/output/v2/results.csv
Dataset: data_generation/outputs/impossible_blimp/v2/adjunct_island_20250623_165451%shuffle_local3.jsonl
Phenomenon: adjunct_island
Language: shuffle_local3
Timestamp: 20250623_165451
------------------------
Starting evaluation...
Paired evaluation results saved to experiments/output/v2/raw/shuffle_local3_checkpoint-3000_adjunct_island_20250623_165451_shuffle_local3_20250623_165451.csv
Evaluation finished. Processed 1000 sentence pairs.
Results have been saved to experiments/output/v2/results.csv

Experiment completed successfully.
--- Summary ---
Accuracy: 0.6320
Geometric Mean Perplexity (Good): 1621.1135
Geometric Mean Perplexity (Bad): 1957.0772
`loss_type=None` was set in the config but it is unrecognised.Using the default loss: `ForCausalLMLoss`.
Using device: cuda
--- Evaluation Setup ---
Model: shuffle_local5
Checkpoint: checkpoint-3000
Results CSV: experiments/output/v2/results.csv
Dataset: data_generation/outputs/impossible_blimp/v2/adjunct_island_20250623_165451%shuffle_local5.jsonl
Phenomenon: adjunct_island
Language: shuffle_local5
Timestamp: 20250623_165451
------------------------
Starting evaluation...
Paired evaluation results saved to experiments/output/v2/raw/shuffle_local5_checkpoint-3000_adjunct_island_20250623_165451_shuffle_local5_20250623_165451.csv
Evaluation finished. Processed 1000 sentence pairs.
Results have been saved to experiments/output/v2/results.csv

Experiment completed successfully.
--- Summary ---
Accuracy: 0.6100
Geometric Mean Perplexity (Good): 1450.3733
Geometric Mean Perplexity (Bad): 1631.1030
`loss_type=None` was set in the config but it is unrecognised.Using the default loss: `ForCausalLMLoss`.
Using device: cuda
--- Evaluation Setup ---
Model: shuffle_local10
Checkpoint: checkpoint-3000
Results CSV: experiments/output/v2/results.csv
Dataset: data_generation/outputs/impossible_blimp/v2/adjunct_island_20250623_165451%shuffle_local10.jsonl
Phenomenon: adjunct_island
Language: shuffle_local10
Timestamp: 20250623_165451
------------------------
Starting evaluation...
Paired evaluation results saved to experiments/output/v2/raw/shuffle_local10_checkpoint-3000_adjunct_island_20250623_165451_shuffle_local10_20250623_165451.csv
Evaluation finished. Processed 1000 sentence pairs.
Results have been saved to experiments/output/v2/results.csv

Experiment completed successfully.
--- Summary ---
Accuracy: 0.6970
Geometric Mean Perplexity (Good): 1976.3848
Geometric Mean Perplexity (Bad): 2535.9442
`loss_type=None` was set in the config but it is unrecognised.Using the default loss: `ForCausalLMLoss`.
Using device: cuda
--- Evaluation Setup ---
Model: shuffle_even_odd
Checkpoint: checkpoint-3000
Results CSV: experiments/output/v2/results.csv
Dataset: data_generation/outputs/impossible_blimp/v2/adjunct_island_20250623_165451%shuffle_even_odd.jsonl
Phenomenon: adjunct_island
Language: shuffle_even_odd
Timestamp: 20250623_165451
------------------------
Starting evaluation...
Paired evaluation results saved to experiments/output/v2/raw/shuffle_even_odd_checkpoint-3000_adjunct_island_20250623_165451_shuffle_even_odd_20250623_165451.csv
Evaluation finished. Processed 1000 sentence pairs.
Results have been saved to experiments/output/v2/results.csv

Experiment completed successfully.
--- Summary ---
Accuracy: 0.5020
Geometric Mean Perplexity (Good): 3136.5707
Geometric Mean Perplexity (Bad): 3200.6722
`loss_type=None` was set in the config but it is unrecognised.Using the default loss: `ForCausalLMLoss`.
Using device: cuda
--- Evaluation Setup ---
Model: reverse_partial
Checkpoint: checkpoint-3000
Results CSV: experiments/output/v2/results.csv
Dataset: data_generation/outputs/impossible_blimp/v2/adjunct_island_20250623_165451%reverse_partial.jsonl
Phenomenon: adjunct_island
Language: reverse_partial
Timestamp: 20250623_165451
------------------------
Starting evaluation...
Paired evaluation results saved to experiments/output/v2/raw/reverse_partial_checkpoint-3000_adjunct_island_20250623_165451_reverse_partial_20250623_165451.csv
Evaluation finished. Processed 1000 sentence pairs.
Results have been saved to experiments/output/v2/results.csv

Experiment completed successfully.
--- Summary ---
Accuracy: 0.5190
Geometric Mean Perplexity (Good): 1166.9019
Geometric Mean Perplexity (Bad): 1209.2174
`loss_type=None` was set in the config but it is unrecognised.Using the default loss: `ForCausalLMLoss`.
Using device: cuda
--- Evaluation Setup ---
Model: reverse_full
Checkpoint: checkpoint-3000
Results CSV: experiments/output/v2/results.csv
Dataset: data_generation/outputs/impossible_blimp/v2/adjunct_island_20250623_165451%reverse_full.jsonl
Phenomenon: adjunct_island
Language: reverse_full
Timestamp: 20250623_165451
------------------------
Starting evaluation...
Paired evaluation results saved to experiments/output/v2/raw/reverse_full_checkpoint-3000_adjunct_island_20250623_165451_reverse_full_20250623_165451.csv
Evaluation finished. Processed 1000 sentence pairs.
Results have been saved to experiments/output/v2/results.csv

Experiment completed successfully.
--- Summary ---
Accuracy: 0.7080
Geometric Mean Perplexity (Good): 1334.3099
Geometric Mean Perplexity (Bad): 1616.8524
[tc-exp 2ccc92b] batch run experiment -adjunct_island_20250623_165451
 Committer: Ram Sinthalapadi <s2750316@landonia19.inf.ed.ac.uk>
Your name and e-mail address were configured automatically based
on your username and hostname. Please check that they are accurate.
You can suppress this message by setting them explicitly. Run the
following command and follow the instructions in your editor to edit
your configuration file:

    git config --global --edit

After doing this, you may fix the identity used for this commit with:

    git commit --amend --reset-author

 4 files changed, 225 insertions(+), 5 deletions(-)
 create mode 100644 slurm-2038040.out
To github.com:ramjanarthan/impossible-languages.git
   825c64f..2ccc92b  tc-exp -> tc-exp
Using device: cuda
--- Evaluation Setup ---
Model: english
Checkpoint: checkpoint-3000
Results CSV: experiments/output/v2/results.csv
Dataset: data_generation/outputs/impossible_blimp/v2/animate_subject_passive_20250623_165451.jsonl
Phenomenon: animate_subject_passive
Language: english
Timestamp: 20250623_165451
------------------------
Starting evaluation...
Experiment failed: [Errno 2] No such file or directory: 'data_generation/outputs/impossible_blimp/v2/animate_subject_passive_20250623_165451.jsonl'
Using device: cuda
--- Evaluation Setup ---
Model: shuffle_nondeterministic
Checkpoint: checkpoint-3000
Results CSV: experiments/output/v2/results.csv
Dataset: data_generation/outputs/impossible_blimp/v2/animate_subject_passive_20250623_165451%shuffle_nondeterministic.jsonl
Phenomenon: animate_subject_passive
Language: shuffle_nondeterministic
Timestamp: 20250623_165451
------------------------
Starting evaluation...
Experiment failed: [Errno 2] No such file or directory: 'data_generation/outputs/impossible_blimp/v2/animate_subject_passive_20250623_165451%shuffle_nondeterministic.jsonl'
Using device: cuda
--- Evaluation Setup ---
Model: shuffle_deterministic21
Checkpoint: checkpoint-3000
Results CSV: experiments/output/v2/results.csv
Dataset: data_generation/outputs/impossible_blimp/v2/animate_subject_passive_20250623_165451%shuffle_deterministic21.jsonl
Phenomenon: animate_subject_passive
Language: shuffle_deterministic21
Timestamp: 20250623_165451
------------------------
Starting evaluation...
Experiment failed: [Errno 2] No such file or directory: 'data_generation/outputs/impossible_blimp/v2/animate_subject_passive_20250623_165451%shuffle_deterministic21.jsonl'
Using device: cuda
--- Evaluation Setup ---
Model: shuffle_deterministic57
Checkpoint: checkpoint-3000
Results CSV: experiments/output/v2/results.csv
Dataset: data_generation/outputs/impossible_blimp/v2/animate_subject_passive_20250623_165451%shuffle_deterministic57.jsonl
Phenomenon: animate_subject_passive
Language: shuffle_deterministic57
Timestamp: 20250623_165451
------------------------
Starting evaluation...
Experiment failed: [Errno 2] No such file or directory: 'data_generation/outputs/impossible_blimp/v2/animate_subject_passive_20250623_165451%shuffle_deterministic57.jsonl'
Using device: cuda
--- Evaluation Setup ---
Model: shuffle_deterministic84
Checkpoint: checkpoint-3000
Results CSV: experiments/output/v2/results.csv
Dataset: data_generation/outputs/impossible_blimp/v2/animate_subject_passive_20250623_165451%shuffle_deterministic84.jsonl
Phenomenon: animate_subject_passive
Language: shuffle_deterministic84
Timestamp: 20250623_165451
------------------------
Starting evaluation...
Experiment failed: [Errno 2] No such file or directory: 'data_generation/outputs/impossible_blimp/v2/animate_subject_passive_20250623_165451%shuffle_deterministic84.jsonl'
Using device: cuda
--- Evaluation Setup ---
Model: shuffle_local3
Checkpoint: checkpoint-3000
Results CSV: experiments/output/v2/results.csv
Dataset: data_generation/outputs/impossible_blimp/v2/animate_subject_passive_20250623_165451%shuffle_local3.jsonl
Phenomenon: animate_subject_passive
Language: shuffle_local3
Timestamp: 20250623_165451
------------------------
Starting evaluation...
Experiment failed: [Errno 2] No such file or directory: 'data_generation/outputs/impossible_blimp/v2/animate_subject_passive_20250623_165451%shuffle_local3.jsonl'
Using device: cuda
--- Evaluation Setup ---
Model: shuffle_local5
Checkpoint: checkpoint-3000
Results CSV: experiments/output/v2/results.csv
Dataset: data_generation/outputs/impossible_blimp/v2/animate_subject_passive_20250623_165451%shuffle_local5.jsonl
Phenomenon: animate_subject_passive
Language: shuffle_local5
Timestamp: 20250623_165451
------------------------
Starting evaluation...
Experiment failed: [Errno 2] No such file or directory: 'data_generation/outputs/impossible_blimp/v2/animate_subject_passive_20250623_165451%shuffle_local5.jsonl'
Using device: cuda
--- Evaluation Setup ---
Model: shuffle_local10
Checkpoint: checkpoint-3000
Results CSV: experiments/output/v2/results.csv
Dataset: data_generation/outputs/impossible_blimp/v2/animate_subject_passive_20250623_165451%shuffle_local10.jsonl
Phenomenon: animate_subject_passive
Language: shuffle_local10
Timestamp: 20250623_165451
------------------------
Starting evaluation...
Experiment failed: [Errno 2] No such file or directory: 'data_generation/outputs/impossible_blimp/v2/animate_subject_passive_20250623_165451%shuffle_local10.jsonl'
Using device: cuda
--- Evaluation Setup ---
Model: shuffle_even_odd
Checkpoint: checkpoint-3000
Results CSV: experiments/output/v2/results.csv
Dataset: data_generation/outputs/impossible_blimp/v2/animate_subject_passive_20250623_165451%shuffle_even_odd.jsonl
Phenomenon: animate_subject_passive
Language: shuffle_even_odd
Timestamp: 20250623_165451
------------------------
Starting evaluation...
Experiment failed: [Errno 2] No such file or directory: 'data_generation/outputs/impossible_blimp/v2/animate_subject_passive_20250623_165451%shuffle_even_odd.jsonl'
Using device: cuda
--- Evaluation Setup ---
Model: reverse_partial
Checkpoint: checkpoint-3000
Results CSV: experiments/output/v2/results.csv
Dataset: data_generation/outputs/impossible_blimp/v2/animate_subject_passive_20250623_165451%reverse_partial.jsonl
Phenomenon: animate_subject_passive
Language: reverse_partial
Timestamp: 20250623_165451
------------------------
Starting evaluation...
Experiment failed: [Errno 2] No such file or directory: 'data_generation/outputs/impossible_blimp/v2/animate_subject_passive_20250623_165451%reverse_partial.jsonl'
Using device: cuda
--- Evaluation Setup ---
Model: reverse_full
Checkpoint: checkpoint-3000
Results CSV: experiments/output/v2/results.csv
Dataset: data_generation/outputs/impossible_blimp/v2/animate_subject_passive_20250623_165451%reverse_full.jsonl
Phenomenon: animate_subject_passive
Language: reverse_full
Timestamp: 20250623_165451
------------------------
Starting evaluation...
Experiment failed: [Errno 2] No such file or directory: 'data_generation/outputs/impossible_blimp/v2/animate_subject_passive_20250623_165451%reverse_full.jsonl'
[tc-exp da922ec] batch run experiment -animate_subject_passive_20250623_165451
 Committer: Ram Sinthalapadi <s2750316@landonia19.inf.ed.ac.uk>
Your name and e-mail address were configured automatically based
on your username and hostname. Please check that they are accurate.
You can suppress this message by setting them explicitly. Run the
following command and follow the instructions in your editor to edit
your configuration file:

    git config --global --edit

After doing this, you may fix the identity used for this commit with:

    git commit --amend --reset-author

 1 file changed, 150 insertions(+)
To github.com:ramjanarthan/impossible-languages.git
   2ccc92b..da922ec  tc-exp -> tc-exp
`loss_type=None` was set in the config but it is unrecognised.Using the default loss: `ForCausalLMLoss`.
Using device: cuda
--- Evaluation Setup ---
Model: english
Checkpoint: checkpoint-3000
Results CSV: experiments/output/v2/results.csv
Dataset: data_generation/outputs/impossible_blimp/v2/anaphor_gender_agreement_20250618_113511.jsonl
Phenomenon: anaphor_gender_agreement
Language: english
Timestamp: 20250618_113511
------------------------
Starting evaluation...
Paired evaluation results saved to experiments/output/v2/raw/english_checkpoint-3000_anaphor_gender_agreement_20250618_113511_20250618_113511.csv
Evaluation finished. Processed 1000 sentence pairs.
Results have been saved to experiments/output/v2/results.csv

Experiment completed successfully.
--- Summary ---
Accuracy: 0.8190
Geometric Mean Perplexity (Good): 349.2662
Geometric Mean Perplexity (Bad): 537.1120
`loss_type=None` was set in the config but it is unrecognised.Using the default loss: `ForCausalLMLoss`.
Using device: cuda
--- Evaluation Setup ---
Model: shuffle_nondeterministic
Checkpoint: checkpoint-3000
Results CSV: experiments/output/v2/results.csv
Dataset: data_generation/outputs/impossible_blimp/v2/anaphor_gender_agreement_20250618_113511%shuffle_nondeterministic.jsonl
Phenomenon: anaphor_gender_agreement
Language: shuffle_nondeterministic
Timestamp: 20250618_113511
------------------------
Starting evaluation...
Paired evaluation results saved to experiments/output/v2/raw/shuffle_nondeterministic_checkpoint-3000_anaphor_gender_agreement_20250618_113511_shuffle_nondeterministic_20250618_113511.csv
Evaluation finished. Processed 1000 sentence pairs.
Results have been saved to experiments/output/v2/results.csv

Experiment completed successfully.
--- Summary ---
Accuracy: 0.6310
Geometric Mean Perplexity (Good): 2925.1770
Geometric Mean Perplexity (Bad): 4131.7074
`loss_type=None` was set in the config but it is unrecognised.Using the default loss: `ForCausalLMLoss`.
Using device: cuda
--- Evaluation Setup ---
Model: shuffle_deterministic21
Checkpoint: checkpoint-3000
Results CSV: experiments/output/v2/results.csv
Dataset: data_generation/outputs/impossible_blimp/v2/anaphor_gender_agreement_20250618_113511%shuffle_deterministic21.jsonl
Phenomenon: anaphor_gender_agreement
Language: shuffle_deterministic21
Timestamp: 20250618_113511
------------------------
Starting evaluation...
Paired evaluation results saved to experiments/output/v2/raw/shuffle_deterministic21_checkpoint-3000_anaphor_gender_agreement_20250618_113511_shuffle_deterministic21_20250618_113511.csv
Evaluation finished. Processed 1000 sentence pairs.
Results have been saved to experiments/output/v2/results.csv

Experiment completed successfully.
--- Summary ---
Accuracy: 0.8230
Geometric Mean Perplexity (Good): 808.0962
Geometric Mean Perplexity (Bad): 1190.9388
Using device: cuda
--- Evaluation Setup ---
Model: shuffle_deterministic57
Checkpoint: checkpoint-3000
Results CSV: experiments/output/v2/results.csv
Dataset: data_generation/outputs/impossible_blimp/v2/anaphor_gender_agreement_20250618_113511%shuffle_deterministic57.jsonl
Phenomenon: anaphor_gender_agreement
Language: shuffle_deterministic57
Timestamp: 20250618_113511
------------------------
Starting evaluation...
Experiment failed: [Errno 2] No such file or directory: 'data_generation/outputs/impossible_blimp/v2/anaphor_gender_agreement_20250618_113511%shuffle_deterministic57.jsonl'
Using device: cuda
--- Evaluation Setup ---
Model: shuffle_deterministic84
Checkpoint: checkpoint-3000
Results CSV: experiments/output/v2/results.csv
Dataset: data_generation/outputs/impossible_blimp/v2/anaphor_gender_agreement_20250618_113511%shuffle_deterministic84.jsonl
Phenomenon: anaphor_gender_agreement
Language: shuffle_deterministic84
Timestamp: 20250618_113511
------------------------
Starting evaluation...
Experiment failed: [Errno 2] No such file or directory: 'data_generation/outputs/impossible_blimp/v2/anaphor_gender_agreement_20250618_113511%shuffle_deterministic84.jsonl'
`loss_type=None` was set in the config but it is unrecognised.Using the default loss: `ForCausalLMLoss`.
Using device: cuda
--- Evaluation Setup ---
Model: shuffle_local3
Checkpoint: checkpoint-3000
Results CSV: experiments/output/v2/results.csv
Dataset: data_generation/outputs/impossible_blimp/v2/anaphor_gender_agreement_20250618_113511%shuffle_local3.jsonl
Phenomenon: anaphor_gender_agreement
Language: shuffle_local3
Timestamp: 20250618_113511
------------------------
Starting evaluation...
Paired evaluation results saved to experiments/output/v2/raw/shuffle_local3_checkpoint-3000_anaphor_gender_agreement_20250618_113511_shuffle_local3_20250618_113511.csv
Evaluation finished. Processed 1000 sentence pairs.
Results have been saved to experiments/output/v2/results.csv

Experiment completed successfully.
--- Summary ---
Accuracy: 0.8500
Geometric Mean Perplexity (Good): 445.7682
Geometric Mean Perplexity (Bad): 644.0538
`loss_type=None` was set in the config but it is unrecognised.Using the default loss: `ForCausalLMLoss`.
Using device: cuda
--- Evaluation Setup ---
Model: shuffle_local5
Checkpoint: checkpoint-3000
Results CSV: experiments/output/v2/results.csv
Dataset: data_generation/outputs/impossible_blimp/v2/anaphor_gender_agreement_20250618_113511%shuffle_local5.jsonl
Phenomenon: anaphor_gender_agreement
Language: shuffle_local5
Timestamp: 20250618_113511
------------------------
Starting evaluation...
Paired evaluation results saved to experiments/output/v2/raw/shuffle_local5_checkpoint-3000_anaphor_gender_agreement_20250618_113511_shuffle_local5_20250618_113511.csv
Evaluation finished. Processed 1000 sentence pairs.
Results have been saved to experiments/output/v2/results.csv

Experiment completed successfully.
--- Summary ---
Accuracy: 0.7170
Geometric Mean Perplexity (Good): 479.1566
Geometric Mean Perplexity (Bad): 607.4119
`loss_type=None` was set in the config but it is unrecognised.Using the default loss: `ForCausalLMLoss`.
Using device: cuda
--- Evaluation Setup ---
Model: shuffle_local10
Checkpoint: checkpoint-3000
Results CSV: experiments/output/v2/results.csv
Dataset: data_generation/outputs/impossible_blimp/v2/anaphor_gender_agreement_20250618_113511%shuffle_local10.jsonl
Phenomenon: anaphor_gender_agreement
Language: shuffle_local10
Timestamp: 20250618_113511
------------------------
Starting evaluation...
Paired evaluation results saved to experiments/output/v2/raw/shuffle_local10_checkpoint-3000_anaphor_gender_agreement_20250618_113511_shuffle_local10_20250618_113511.csv
Evaluation finished. Processed 1000 sentence pairs.
Results have been saved to experiments/output/v2/results.csv

Experiment completed successfully.
--- Summary ---
Accuracy: 0.7210
Geometric Mean Perplexity (Good): 538.4927
Geometric Mean Perplexity (Bad): 646.6843
`loss_type=None` was set in the config but it is unrecognised.Using the default loss: `ForCausalLMLoss`.
Using device: cuda
--- Evaluation Setup ---
Model: shuffle_even_odd
Checkpoint: checkpoint-3000
Results CSV: experiments/output/v2/results.csv
Dataset: data_generation/outputs/impossible_blimp/v2/anaphor_gender_agreement_20250618_113511%shuffle_even_odd.jsonl
Phenomenon: anaphor_gender_agreement
Language: shuffle_even_odd
Timestamp: 20250618_113511
------------------------
Starting evaluation...
Paired evaluation results saved to experiments/output/v2/raw/shuffle_even_odd_checkpoint-3000_anaphor_gender_agreement_20250618_113511_shuffle_even_odd_20250618_113511.csv
Evaluation finished. Processed 1000 sentence pairs.
Results have been saved to experiments/output/v2/results.csv

Experiment completed successfully.
--- Summary ---
Accuracy: 0.8370
Geometric Mean Perplexity (Good): 387.5734
Geometric Mean Perplexity (Bad): 634.7628
`loss_type=None` was set in the config but it is unrecognised.Using the default loss: `ForCausalLMLoss`.
Using device: cuda
--- Evaluation Setup ---
Model: reverse_partial
Checkpoint: checkpoint-3000
Results CSV: experiments/output/v2/results.csv
Dataset: data_generation/outputs/impossible_blimp/v2/anaphor_gender_agreement_20250618_113511%reverse_partial.jsonl
Phenomenon: anaphor_gender_agreement
Language: reverse_partial
Timestamp: 20250618_113511
------------------------
Starting evaluation...
Paired evaluation results saved to experiments/output/v2/raw/reverse_partial_checkpoint-3000_anaphor_gender_agreement_20250618_113511_reverse_partial_20250618_113511.csv
Evaluation finished. Processed 1000 sentence pairs.
Results have been saved to experiments/output/v2/results.csv

Experiment completed successfully.
--- Summary ---
Accuracy: 0.6720
Geometric Mean Perplexity (Good): 186.4783
Geometric Mean Perplexity (Bad): 246.4203
`loss_type=None` was set in the config but it is unrecognised.Using the default loss: `ForCausalLMLoss`.
Using device: cuda
--- Evaluation Setup ---
Model: reverse_full
Checkpoint: checkpoint-3000
Results CSV: experiments/output/v2/results.csv
Dataset: data_generation/outputs/impossible_blimp/v2/anaphor_gender_agreement_20250618_113511%reverse_full.jsonl
Phenomenon: anaphor_gender_agreement
Language: reverse_full
Timestamp: 20250618_113511
------------------------
Starting evaluation...
Paired evaluation results saved to experiments/output/v2/raw/reverse_full_checkpoint-3000_anaphor_gender_agreement_20250618_113511_reverse_full_20250618_113511.csv
Evaluation finished. Processed 1000 sentence pairs.
Results have been saved to experiments/output/v2/results.csv

Experiment completed successfully.
--- Summary ---
Accuracy: 0.8230
Geometric Mean Perplexity (Good): 610.2026
Geometric Mean Perplexity (Bad): 828.4089
[tc-exp bc9cb03] batch run experiment -anaphor_gender_agreement_20250618_113511
 Committer: Ram Sinthalapadi <s2750316@landonia19.inf.ed.ac.uk>
Your name and e-mail address were configured automatically based
on your username and hostname. Please check that they are accurate.
You can suppress this message by setting them explicitly. Run the
following command and follow the instructions in your editor to edit
your configuration file:

    git config --global --edit

After doing this, you may fix the identity used for this commit with:

    git commit --amend --reset-author

 2 files changed, 239 insertions(+)
To github.com:ramjanarthan/impossible-languages.git
   da922ec..bc9cb03  tc-exp -> tc-exp
`loss_type=None` was set in the config but it is unrecognised.Using the default loss: `ForCausalLMLoss`.
Using device: cuda
--- Evaluation Setup ---
Model: english
Checkpoint: checkpoint-3000
Results CSV: experiments/output/v2/results.csv
Dataset: data_generation/outputs/impossible_blimp/v2/anaphor_number_agreement_20250617_153306.jsonl
Phenomenon: anaphor_number_agreement
Language: english
Timestamp: 20250617_153306
------------------------
Starting evaluation...
Paired evaluation results saved to experiments/output/v2/raw/english_checkpoint-3000_anaphor_number_agreement_20250617_153306_20250617_153306.csv
Evaluation finished. Processed 1000 sentence pairs.
Results have been saved to experiments/output/v2/results.csv

Experiment completed successfully.
--- Summary ---
Accuracy: 0.9560
Geometric Mean Perplexity (Good): 356.0359
Geometric Mean Perplexity (Bad): 649.2698
`loss_type=None` was set in the config but it is unrecognised.Using the default loss: `ForCausalLMLoss`.
Using device: cuda
--- Evaluation Setup ---
Model: shuffle_nondeterministic
Checkpoint: checkpoint-3000
Results CSV: experiments/output/v2/results.csv
Dataset: data_generation/outputs/impossible_blimp/v2/anaphor_number_agreement_20250617_153306%shuffle_nondeterministic.jsonl
Phenomenon: anaphor_number_agreement
Language: shuffle_nondeterministic
Timestamp: 20250617_153306
------------------------
Starting evaluation...
Paired evaluation results saved to experiments/output/v2/raw/shuffle_nondeterministic_checkpoint-3000_anaphor_number_agreement_20250617_153306_shuffle_nondeterministic_20250617_153306.csv
Evaluation finished. Processed 1000 sentence pairs.
Results have been saved to experiments/output/v2/results.csv

Experiment completed successfully.
--- Summary ---
Accuracy: 0.6740
Geometric Mean Perplexity (Good): 2567.4204
Geometric Mean Perplexity (Bad): 3883.9472
`loss_type=None` was set in the config but it is unrecognised.Using the default loss: `ForCausalLMLoss`.
Using device: cuda
--- Evaluation Setup ---
Model: shuffle_deterministic21
Checkpoint: checkpoint-3000
Results CSV: experiments/output/v2/results.csv
Dataset: data_generation/outputs/impossible_blimp/v2/anaphor_number_agreement_20250617_153306%shuffle_deterministic21.jsonl
Phenomenon: anaphor_number_agreement
Language: shuffle_deterministic21
Timestamp: 20250617_153306
------------------------
Starting evaluation...
Paired evaluation results saved to experiments/output/v2/raw/shuffle_deterministic21_checkpoint-3000_anaphor_number_agreement_20250617_153306_shuffle_deterministic21_20250617_153306.csv
Evaluation finished. Processed 1000 sentence pairs.
Results have been saved to experiments/output/v2/results.csv

Experiment completed successfully.
--- Summary ---
Accuracy: 0.9510
Geometric Mean Perplexity (Good): 786.0874
Geometric Mean Perplexity (Bad): 1279.7562
Using device: cuda
--- Evaluation Setup ---
Model: shuffle_deterministic57
Checkpoint: checkpoint-3000
Results CSV: experiments/output/v2/results.csv
Dataset: data_generation/outputs/impossible_blimp/v2/anaphor_number_agreement_20250617_153306%shuffle_deterministic57.jsonl
Phenomenon: anaphor_number_agreement
Language: shuffle_deterministic57
Timestamp: 20250617_153306
------------------------
Starting evaluation...
Experiment failed: [Errno 2] No such file or directory: 'data_generation/outputs/impossible_blimp/v2/anaphor_number_agreement_20250617_153306%shuffle_deterministic57.jsonl'
Using device: cuda
--- Evaluation Setup ---
Model: shuffle_deterministic84
Checkpoint: checkpoint-3000
Results CSV: experiments/output/v2/results.csv
Dataset: data_generation/outputs/impossible_blimp/v2/anaphor_number_agreement_20250617_153306%shuffle_deterministic84.jsonl
Phenomenon: anaphor_number_agreement
Language: shuffle_deterministic84
Timestamp: 20250617_153306
------------------------
Starting evaluation...
Experiment failed: [Errno 2] No such file or directory: 'data_generation/outputs/impossible_blimp/v2/anaphor_number_agreement_20250617_153306%shuffle_deterministic84.jsonl'
`loss_type=None` was set in the config but it is unrecognised.Using the default loss: `ForCausalLMLoss`.
Using device: cuda
--- Evaluation Setup ---
Model: shuffle_local3
Checkpoint: checkpoint-3000
Results CSV: experiments/output/v2/results.csv
Dataset: data_generation/outputs/impossible_blimp/v2/anaphor_number_agreement_20250617_153306%shuffle_local3.jsonl
Phenomenon: anaphor_number_agreement
Language: shuffle_local3
Timestamp: 20250617_153306
------------------------
Starting evaluation...
Paired evaluation results saved to experiments/output/v2/raw/shuffle_local3_checkpoint-3000_anaphor_number_agreement_20250617_153306_shuffle_local3_20250617_153306.csv
Evaluation finished. Processed 1000 sentence pairs.
Results have been saved to experiments/output/v2/results.csv

Experiment completed successfully.
--- Summary ---
Accuracy: 0.9700
Geometric Mean Perplexity (Good): 418.6092
Geometric Mean Perplexity (Bad): 734.8414
`loss_type=None` was set in the config but it is unrecognised.Using the default loss: `ForCausalLMLoss`.
Using device: cuda
--- Evaluation Setup ---
Model: shuffle_local5
Checkpoint: checkpoint-3000
Results CSV: experiments/output/v2/results.csv
Dataset: data_generation/outputs/impossible_blimp/v2/anaphor_number_agreement_20250617_153306%shuffle_local5.jsonl
Phenomenon: anaphor_number_agreement
Language: shuffle_local5
Timestamp: 20250617_153306
------------------------
Starting evaluation...
Paired evaluation results saved to experiments/output/v2/raw/shuffle_local5_checkpoint-3000_anaphor_number_agreement_20250617_153306_shuffle_local5_20250617_153306.csv
Evaluation finished. Processed 1000 sentence pairs.
Results have been saved to experiments/output/v2/results.csv

Experiment completed successfully.
--- Summary ---
Accuracy: 0.9120
Geometric Mean Perplexity (Good): 436.9966
Geometric Mean Perplexity (Bad): 655.7953
`loss_type=None` was set in the config but it is unrecognised.Using the default loss: `ForCausalLMLoss`.
Using device: cuda
--- Evaluation Setup ---
Model: shuffle_local10
Checkpoint: checkpoint-3000
Results CSV: experiments/output/v2/results.csv
Dataset: data_generation/outputs/impossible_blimp/v2/anaphor_number_agreement_20250617_153306%shuffle_local10.jsonl
Phenomenon: anaphor_number_agreement
Language: shuffle_local10
Timestamp: 20250617_153306
------------------------
Starting evaluation...
Paired evaluation results saved to experiments/output/v2/raw/shuffle_local10_checkpoint-3000_anaphor_number_agreement_20250617_153306_shuffle_local10_20250617_153306.csv
Evaluation finished. Processed 1000 sentence pairs.
Results have been saved to experiments/output/v2/results.csv

Experiment completed successfully.
--- Summary ---
Accuracy: 0.9330
Geometric Mean Perplexity (Good): 550.8879
Geometric Mean Perplexity (Bad): 785.7309
`loss_type=None` was set in the config but it is unrecognised.Using the default loss: `ForCausalLMLoss`.
Using device: cuda
--- Evaluation Setup ---
Model: shuffle_even_odd
Checkpoint: checkpoint-3000
Results CSV: experiments/output/v2/results.csv
Dataset: data_generation/outputs/impossible_blimp/v2/anaphor_number_agreement_20250617_153306%shuffle_even_odd.jsonl
Phenomenon: anaphor_number_agreement
Language: shuffle_even_odd
Timestamp: 20250617_153306
------------------------
Starting evaluation...
Paired evaluation results saved to experiments/output/v2/raw/shuffle_even_odd_checkpoint-3000_anaphor_number_agreement_20250617_153306_shuffle_even_odd_20250617_153306.csv
Evaluation finished. Processed 1000 sentence pairs.
Results have been saved to experiments/output/v2/results.csv

Experiment completed successfully.
--- Summary ---
Accuracy: 0.9640
Geometric Mean Perplexity (Good): 420.2015
Geometric Mean Perplexity (Bad): 831.2195
`loss_type=None` was set in the config but it is unrecognised.Using the default loss: `ForCausalLMLoss`.
Using device: cuda
--- Evaluation Setup ---
Model: reverse_partial
Checkpoint: checkpoint-3000
Results CSV: experiments/output/v2/results.csv
Dataset: data_generation/outputs/impossible_blimp/v2/anaphor_number_agreement_20250617_153306%reverse_partial.jsonl
Phenomenon: anaphor_number_agreement
Language: reverse_partial
Timestamp: 20250617_153306
------------------------
Starting evaluation...
Paired evaluation results saved to experiments/output/v2/raw/reverse_partial_checkpoint-3000_anaphor_number_agreement_20250617_153306_reverse_partial_20250617_153306.csv
Evaluation finished. Processed 1000 sentence pairs.
Results have been saved to experiments/output/v2/results.csv

Experiment completed successfully.
--- Summary ---
Accuracy: 0.7330
Geometric Mean Perplexity (Good): 205.0645
Geometric Mean Perplexity (Bad): 284.2906
`loss_type=None` was set in the config but it is unrecognised.Using the default loss: `ForCausalLMLoss`.
Using device: cuda
--- Evaluation Setup ---
Model: reverse_full
Checkpoint: checkpoint-3000
Results CSV: experiments/output/v2/results.csv
Dataset: data_generation/outputs/impossible_blimp/v2/anaphor_number_agreement_20250617_153306%reverse_full.jsonl
Phenomenon: anaphor_number_agreement
Language: reverse_full
Timestamp: 20250617_153306
------------------------
Starting evaluation...
Paired evaluation results saved to experiments/output/v2/raw/reverse_full_checkpoint-3000_anaphor_number_agreement_20250617_153306_reverse_full_20250617_153306.csv
Evaluation finished. Processed 1000 sentence pairs.
Results have been saved to experiments/output/v2/results.csv

Experiment completed successfully.
--- Summary ---
Accuracy: 0.9560
Geometric Mean Perplexity (Good): 522.7438
Geometric Mean Perplexity (Bad): 840.3354
[tc-exp 4df06fb] batch run experiment -anaphor_number_agreement_20250617_153306
 Committer: Ram Sinthalapadi <s2750316@landonia19.inf.ed.ac.uk>
Your name and e-mail address were configured automatically based
on your username and hostname. Please check that they are accurate.
You can suppress this message by setting them explicitly. Run the
following command and follow the instructions in your editor to edit
your configuration file:

    git config --global --edit

After doing this, you may fix the identity used for this commit with:

    git commit --amend --reset-author

 2 files changed, 239 insertions(+)
To github.com:ramjanarthan/impossible-languages.git
   bc9cb03..4df06fb  tc-exp -> tc-exp
`loss_type=None` was set in the config but it is unrecognised.Using the default loss: `ForCausalLMLoss`.
Using device: cuda
--- Evaluation Setup ---
Model: english
Checkpoint: checkpoint-3000
Results CSV: experiments/output/v2/results.csv
Dataset: data_generation/outputs/impossible_blimp/v2/distractor_agreement_relative_clause_20250616_174118.jsonl
Phenomenon: distractor_agreement_relative_clause
Language: english
Timestamp: 20250616_174118
------------------------
Starting evaluation...
Paired evaluation results saved to experiments/output/v2/raw/english_checkpoint-3000_distractor_agreement_relative_clause_20250616_174118_20250616_174118.csv
Evaluation finished. Processed 300 sentence pairs.
Results have been saved to experiments/output/v2/results.csv

Experiment completed successfully.
--- Summary ---
Accuracy: 0.4300
Geometric Mean Perplexity (Good): 1102.1323
Geometric Mean Perplexity (Bad): 1067.9762
`loss_type=None` was set in the config but it is unrecognised.Using the default loss: `ForCausalLMLoss`.
Using device: cuda
--- Evaluation Setup ---
Model: shuffle_nondeterministic
Checkpoint: checkpoint-3000
Results CSV: experiments/output/v2/results.csv
Dataset: data_generation/outputs/impossible_blimp/v2/distractor_agreement_relative_clause_20250616_174118%shuffle_nondeterministic.jsonl
Phenomenon: distractor_agreement_relative_clause
Language: shuffle_nondeterministic
Timestamp: 20250616_174118
------------------------
Starting evaluation...
Paired evaluation results saved to experiments/output/v2/raw/shuffle_nondeterministic_checkpoint-3000_distractor_agreement_relative_clause_20250616_174118_shuffle_nondeterministic_20250616_174118.csv
Evaluation finished. Processed 300 sentence pairs.
Results have been saved to experiments/output/v2/results.csv

Experiment completed successfully.
--- Summary ---
Accuracy: 0.5567
Geometric Mean Perplexity (Good): 4027.1673
Geometric Mean Perplexity (Bad): 4156.5380
`loss_type=None` was set in the config but it is unrecognised.Using the default loss: `ForCausalLMLoss`.
Using device: cuda
--- Evaluation Setup ---
Model: shuffle_deterministic21
Checkpoint: checkpoint-3000
Results CSV: experiments/output/v2/results.csv
Dataset: data_generation/outputs/impossible_blimp/v2/distractor_agreement_relative_clause_20250616_174118%shuffle_deterministic21.jsonl
Phenomenon: distractor_agreement_relative_clause
Language: shuffle_deterministic21
Timestamp: 20250616_174118
------------------------
Starting evaluation...
Paired evaluation results saved to experiments/output/v2/raw/shuffle_deterministic21_checkpoint-3000_distractor_agreement_relative_clause_20250616_174118_shuffle_deterministic21_20250616_174118.csv
Evaluation finished. Processed 300 sentence pairs.
Results have been saved to experiments/output/v2/results.csv

Experiment completed successfully.
--- Summary ---
Accuracy: 0.5067
Geometric Mean Perplexity (Good): 2880.3104
Geometric Mean Perplexity (Bad): 2886.5528
Using device: cuda
--- Evaluation Setup ---
Model: shuffle_deterministic57
Checkpoint: checkpoint-3000
Results CSV: experiments/output/v2/results.csv
Dataset: data_generation/outputs/impossible_blimp/v2/distractor_agreement_relative_clause_20250616_174118%shuffle_deterministic57.jsonl
Phenomenon: distractor_agreement_relative_clause
Language: shuffle_deterministic57
Timestamp: 20250616_174118
------------------------
Starting evaluation...
Experiment failed: [Errno 2] No such file or directory: 'data_generation/outputs/impossible_blimp/v2/distractor_agreement_relative_clause_20250616_174118%shuffle_deterministic57.jsonl'
Using device: cuda
--- Evaluation Setup ---
Model: shuffle_deterministic84
Checkpoint: checkpoint-3000
Results CSV: experiments/output/v2/results.csv
Dataset: data_generation/outputs/impossible_blimp/v2/distractor_agreement_relative_clause_20250616_174118%shuffle_deterministic84.jsonl
Phenomenon: distractor_agreement_relative_clause
Language: shuffle_deterministic84
Timestamp: 20250616_174118
------------------------
Starting evaluation...
Experiment failed: [Errno 2] No such file or directory: 'data_generation/outputs/impossible_blimp/v2/distractor_agreement_relative_clause_20250616_174118%shuffle_deterministic84.jsonl'
`loss_type=None` was set in the config but it is unrecognised.Using the default loss: `ForCausalLMLoss`.
Using device: cuda
--- Evaluation Setup ---
Model: shuffle_local3
Checkpoint: checkpoint-3000
Results CSV: experiments/output/v2/results.csv
Dataset: data_generation/outputs/impossible_blimp/v2/distractor_agreement_relative_clause_20250616_174118%shuffle_local3.jsonl
Phenomenon: distractor_agreement_relative_clause
Language: shuffle_local3
Timestamp: 20250616_174118
------------------------
Starting evaluation...
Paired evaluation results saved to experiments/output/v2/raw/shuffle_local3_checkpoint-3000_distractor_agreement_relative_clause_20250616_174118_shuffle_local3_20250616_174118.csv
Evaluation finished. Processed 300 sentence pairs.
Results have been saved to experiments/output/v2/results.csv

Experiment completed successfully.
--- Summary ---
Accuracy: 0.4433
Geometric Mean Perplexity (Good): 1554.7420
Geometric Mean Perplexity (Bad): 1472.7910
`loss_type=None` was set in the config but it is unrecognised.Using the default loss: `ForCausalLMLoss`.
Using device: cuda
--- Evaluation Setup ---
Model: shuffle_local5
Checkpoint: checkpoint-3000
Results CSV: experiments/output/v2/results.csv
Dataset: data_generation/outputs/impossible_blimp/v2/distractor_agreement_relative_clause_20250616_174118%shuffle_local5.jsonl
Phenomenon: distractor_agreement_relative_clause
Language: shuffle_local5
Timestamp: 20250616_174118
------------------------
Starting evaluation...
Paired evaluation results saved to experiments/output/v2/raw/shuffle_local5_checkpoint-3000_distractor_agreement_relative_clause_20250616_174118_shuffle_local5_20250616_174118.csv
Evaluation finished. Processed 300 sentence pairs.
Results have been saved to experiments/output/v2/results.csv

Experiment completed successfully.
--- Summary ---
Accuracy: 0.4367
Geometric Mean Perplexity (Good): 1497.8001
Geometric Mean Perplexity (Bad): 1445.0181
`loss_type=None` was set in the config but it is unrecognised.Using the default loss: `ForCausalLMLoss`.
Using device: cuda
--- Evaluation Setup ---
Model: shuffle_local10
Checkpoint: checkpoint-3000
Results CSV: experiments/output/v2/results.csv
Dataset: data_generation/outputs/impossible_blimp/v2/distractor_agreement_relative_clause_20250616_174118%shuffle_local10.jsonl
Phenomenon: distractor_agreement_relative_clause
Language: shuffle_local10
Timestamp: 20250616_174118
------------------------
Starting evaluation...
Paired evaluation results saved to experiments/output/v2/raw/shuffle_local10_checkpoint-3000_distractor_agreement_relative_clause_20250616_174118_shuffle_local10_20250616_174118.csv
Evaluation finished. Processed 300 sentence pairs.
Results have been saved to experiments/output/v2/results.csv

Experiment completed successfully.
--- Summary ---
Accuracy: 0.4333
Geometric Mean Perplexity (Good): 1911.7089
Geometric Mean Perplexity (Bad): 1843.5342
`loss_type=None` was set in the config but it is unrecognised.Using the default loss: `ForCausalLMLoss`.
Using device: cuda
--- Evaluation Setup ---
Model: shuffle_even_odd
Checkpoint: checkpoint-3000
Results CSV: experiments/output/v2/results.csv
Dataset: data_generation/outputs/impossible_blimp/v2/distractor_agreement_relative_clause_20250616_174118%shuffle_even_odd.jsonl
Phenomenon: distractor_agreement_relative_clause
Language: shuffle_even_odd
Timestamp: 20250616_174118
------------------------
Starting evaluation...
Paired evaluation results saved to experiments/output/v2/raw/shuffle_even_odd_checkpoint-3000_distractor_agreement_relative_clause_20250616_174118_shuffle_even_odd_20250616_174118.csv
Evaluation finished. Processed 300 sentence pairs.
Results have been saved to experiments/output/v2/results.csv

Experiment completed successfully.
--- Summary ---
Accuracy: 0.3667
Geometric Mean Perplexity (Good): 1937.7164
Geometric Mean Perplexity (Bad): 1790.1710
`loss_type=None` was set in the config but it is unrecognised.Using the default loss: `ForCausalLMLoss`.
Using device: cuda
--- Evaluation Setup ---
Model: reverse_partial
Checkpoint: checkpoint-3000
Results CSV: experiments/output/v2/results.csv
Dataset: data_generation/outputs/impossible_blimp/v2/distractor_agreement_relative_clause_20250616_174118%reverse_partial.jsonl
Phenomenon: distractor_agreement_relative_clause
Language: reverse_partial
Timestamp: 20250616_174118
------------------------
Starting evaluation...
Paired evaluation results saved to experiments/output/v2/raw/reverse_partial_checkpoint-3000_distractor_agreement_relative_clause_20250616_174118_reverse_partial_20250616_174118.csv
Evaluation finished. Processed 300 sentence pairs.
Results have been saved to experiments/output/v2/results.csv

Experiment completed successfully.
--- Summary ---
Accuracy: 0.4967
Geometric Mean Perplexity (Good): 690.3109
Geometric Mean Perplexity (Bad): 687.1925
`loss_type=None` was set in the config but it is unrecognised.Using the default loss: `ForCausalLMLoss`.
Using device: cuda
--- Evaluation Setup ---
Model: reverse_full
Checkpoint: checkpoint-3000
Results CSV: experiments/output/v2/results.csv
Dataset: data_generation/outputs/impossible_blimp/v2/distractor_agreement_relative_clause_20250616_174118%reverse_full.jsonl
Phenomenon: distractor_agreement_relative_clause
Language: reverse_full
Timestamp: 20250616_174118
------------------------
Starting evaluation...
Paired evaluation results saved to experiments/output/v2/raw/reverse_full_checkpoint-3000_distractor_agreement_relative_clause_20250616_174118_reverse_full_20250616_174118.csv
Evaluation finished. Processed 300 sentence pairs.
Results have been saved to experiments/output/v2/results.csv

Experiment completed successfully.
--- Summary ---
Accuracy: 0.4300
Geometric Mean Perplexity (Good): 1280.6570
Geometric Mean Perplexity (Bad): 1257.6590
[tc-exp 1869839] batch run experiment -distractor_agreement_relative_clause_20250616_174118
 Committer: Ram Sinthalapadi <s2750316@landonia19.inf.ed.ac.uk>
Your name and e-mail address were configured automatically based
on your username and hostname. Please check that they are accurate.
You can suppress this message by setting them explicitly. Run the
following command and follow the instructions in your editor to edit
your configuration file:

    git config --global --edit

After doing this, you may fix the identity used for this commit with:

    git commit --amend --reset-author

 2 files changed, 239 insertions(+)
To github.com:ramjanarthan/impossible-languages.git
   4df06fb..1869839  tc-exp -> tc-exp
Using device: cuda
--- Evaluation Setup ---
Model: english
Checkpoint: checkpoint-3000
Results CSV: experiments/output/v2/results.csv
Dataset: data_generation/outputs/impossible_blimp/v2/ellipsis_n_bar_1_20250616_174118.jsonl
Phenomenon: ellipsis_n_bar_1
Language: english
Timestamp: 20250616_174118
------------------------
Starting evaluation...
Experiment failed: [Errno 2] No such file or directory: 'data_generation/outputs/impossible_blimp/v2/ellipsis_n_bar_1_20250616_174118.jsonl'
Using device: cuda
--- Evaluation Setup ---
Model: shuffle_nondeterministic
Checkpoint: checkpoint-3000
Results CSV: experiments/output/v2/results.csv
Dataset: data_generation/outputs/impossible_blimp/v2/ellipsis_n_bar_1_20250616_174118%shuffle_nondeterministic.jsonl
Phenomenon: ellipsis_n_bar_1
Language: shuffle_nondeterministic
Timestamp: 20250616_174118
------------------------
Starting evaluation...
Experiment failed: [Errno 2] No such file or directory: 'data_generation/outputs/impossible_blimp/v2/ellipsis_n_bar_1_20250616_174118%shuffle_nondeterministic.jsonl'
Using device: cuda
--- Evaluation Setup ---
Model: shuffle_deterministic21
Checkpoint: checkpoint-3000
Results CSV: experiments/output/v2/results.csv
Dataset: data_generation/outputs/impossible_blimp/v2/ellipsis_n_bar_1_20250616_174118%shuffle_deterministic21.jsonl
Phenomenon: ellipsis_n_bar_1
Language: shuffle_deterministic21
Timestamp: 20250616_174118
------------------------
Starting evaluation...
Experiment failed: [Errno 2] No such file or directory: 'data_generation/outputs/impossible_blimp/v2/ellipsis_n_bar_1_20250616_174118%shuffle_deterministic21.jsonl'
Using device: cuda
--- Evaluation Setup ---
Model: shuffle_deterministic57
Checkpoint: checkpoint-3000
Results CSV: experiments/output/v2/results.csv
Dataset: data_generation/outputs/impossible_blimp/v2/ellipsis_n_bar_1_20250616_174118%shuffle_deterministic57.jsonl
Phenomenon: ellipsis_n_bar_1
Language: shuffle_deterministic57
Timestamp: 20250616_174118
------------------------
Starting evaluation...
Experiment failed: [Errno 2] No such file or directory: 'data_generation/outputs/impossible_blimp/v2/ellipsis_n_bar_1_20250616_174118%shuffle_deterministic57.jsonl'
Using device: cuda
--- Evaluation Setup ---
Model: shuffle_deterministic84
Checkpoint: checkpoint-3000
Results CSV: experiments/output/v2/results.csv
Dataset: data_generation/outputs/impossible_blimp/v2/ellipsis_n_bar_1_20250616_174118%shuffle_deterministic84.jsonl
Phenomenon: ellipsis_n_bar_1
Language: shuffle_deterministic84
Timestamp: 20250616_174118
------------------------
Starting evaluation...
Experiment failed: [Errno 2] No such file or directory: 'data_generation/outputs/impossible_blimp/v2/ellipsis_n_bar_1_20250616_174118%shuffle_deterministic84.jsonl'
Using device: cuda
--- Evaluation Setup ---
Model: shuffle_local3
Checkpoint: checkpoint-3000
Results CSV: experiments/output/v2/results.csv
Dataset: data_generation/outputs/impossible_blimp/v2/ellipsis_n_bar_1_20250616_174118%shuffle_local3.jsonl
Phenomenon: ellipsis_n_bar_1
Language: shuffle_local3
Timestamp: 20250616_174118
------------------------
Starting evaluation...
Experiment failed: [Errno 2] No such file or directory: 'data_generation/outputs/impossible_blimp/v2/ellipsis_n_bar_1_20250616_174118%shuffle_local3.jsonl'
Using device: cuda
--- Evaluation Setup ---
Model: shuffle_local5
Checkpoint: checkpoint-3000
Results CSV: experiments/output/v2/results.csv
Dataset: data_generation/outputs/impossible_blimp/v2/ellipsis_n_bar_1_20250616_174118%shuffle_local5.jsonl
Phenomenon: ellipsis_n_bar_1
Language: shuffle_local5
Timestamp: 20250616_174118
------------------------
Starting evaluation...
Experiment failed: [Errno 2] No such file or directory: 'data_generation/outputs/impossible_blimp/v2/ellipsis_n_bar_1_20250616_174118%shuffle_local5.jsonl'
Using device: cuda
--- Evaluation Setup ---
Model: shuffle_local10
Checkpoint: checkpoint-3000
Results CSV: experiments/output/v2/results.csv
Dataset: data_generation/outputs/impossible_blimp/v2/ellipsis_n_bar_1_20250616_174118%shuffle_local10.jsonl
Phenomenon: ellipsis_n_bar_1
Language: shuffle_local10
Timestamp: 20250616_174118
------------------------
Starting evaluation...
Experiment failed: [Errno 2] No such file or directory: 'data_generation/outputs/impossible_blimp/v2/ellipsis_n_bar_1_20250616_174118%shuffle_local10.jsonl'
Using device: cuda
--- Evaluation Setup ---
Model: shuffle_even_odd
Checkpoint: checkpoint-3000
Results CSV: experiments/output/v2/results.csv
Dataset: data_generation/outputs/impossible_blimp/v2/ellipsis_n_bar_1_20250616_174118%shuffle_even_odd.jsonl
Phenomenon: ellipsis_n_bar_1
Language: shuffle_even_odd
Timestamp: 20250616_174118
------------------------
Starting evaluation...
Experiment failed: [Errno 2] No such file or directory: 'data_generation/outputs/impossible_blimp/v2/ellipsis_n_bar_1_20250616_174118%shuffle_even_odd.jsonl'
Using device: cuda
--- Evaluation Setup ---
Model: reverse_partial
Checkpoint: checkpoint-3000
Results CSV: experiments/output/v2/results.csv
Dataset: data_generation/outputs/impossible_blimp/v2/ellipsis_n_bar_1_20250616_174118%reverse_partial.jsonl
Phenomenon: ellipsis_n_bar_1
Language: reverse_partial
Timestamp: 20250616_174118
------------------------
Starting evaluation...
Experiment failed: [Errno 2] No such file or directory: 'data_generation/outputs/impossible_blimp/v2/ellipsis_n_bar_1_20250616_174118%reverse_partial.jsonl'
Using device: cuda
--- Evaluation Setup ---
Model: reverse_full
Checkpoint: checkpoint-3000
Results CSV: experiments/output/v2/results.csv
Dataset: data_generation/outputs/impossible_blimp/v2/ellipsis_n_bar_1_20250616_174118%reverse_full.jsonl
Phenomenon: ellipsis_n_bar_1
Language: reverse_full
Timestamp: 20250616_174118
------------------------
Starting evaluation...
Experiment failed: [Errno 2] No such file or directory: 'data_generation/outputs/impossible_blimp/v2/ellipsis_n_bar_1_20250616_174118%reverse_full.jsonl'
[tc-exp f45e646] batch run experiment -ellipsis_n_bar_1_20250616_174118
 Committer: Ram Sinthalapadi <s2750316@landonia19.inf.ed.ac.uk>
Your name and e-mail address were configured automatically based
on your username and hostname. Please check that they are accurate.
You can suppress this message by setting them explicitly. Run the
following command and follow the instructions in your editor to edit
your configuration file:

    git config --global --edit

After doing this, you may fix the identity used for this commit with:

    git commit --amend --reset-author

 1 file changed, 149 insertions(+)
To github.com:ramjanarthan/impossible-languages.git
   1869839..f45e646  tc-exp -> tc-exp
`loss_type=None` was set in the config but it is unrecognised.Using the default loss: `ForCausalLMLoss`.
Using device: cuda
--- Evaluation Setup ---
Model: english
Checkpoint: checkpoint-3000
Results CSV: experiments/output/v2/results.csv
Dataset: data_generation/outputs/impossible_blimp/v2/irregular_past_participle_adjectives_20250618_141423.jsonl
Phenomenon: irregular_past_participle_adjectives
Language: english
Timestamp: 20250618_141423
------------------------
Starting evaluation...
Paired evaluation results saved to experiments/output/v2/raw/english_checkpoint-3000_irregular_past_participle_adjectives_20250618_141423_20250618_141423.csv
Evaluation finished. Processed 1000 sentence pairs.
Results have been saved to experiments/output/v2/results.csv

Experiment completed successfully.
--- Summary ---
Accuracy: 0.9800
Geometric Mean Perplexity (Good): 712.3525
Geometric Mean Perplexity (Bad): 1475.8717
`loss_type=None` was set in the config but it is unrecognised.Using the default loss: `ForCausalLMLoss`.
Using device: cuda
--- Evaluation Setup ---
Model: shuffle_nondeterministic
Checkpoint: checkpoint-3000
Results CSV: experiments/output/v2/results.csv
Dataset: data_generation/outputs/impossible_blimp/v2/irregular_past_participle_adjectives_20250618_141423%shuffle_nondeterministic.jsonl
Phenomenon: irregular_past_participle_adjectives
Language: shuffle_nondeterministic
Timestamp: 20250618_141423
------------------------
Starting evaluation...
Paired evaluation results saved to experiments/output/v2/raw/shuffle_nondeterministic_checkpoint-3000_irregular_past_participle_adjectives_20250618_141423_shuffle_nondeterministic_20250618_141423.csv
Evaluation finished. Processed 1000 sentence pairs.
Results have been saved to experiments/output/v2/results.csv

Experiment completed successfully.
--- Summary ---
Accuracy: 0.5520
Geometric Mean Perplexity (Good): 1363.1817
Geometric Mean Perplexity (Bad): 1532.2571
`loss_type=None` was set in the config but it is unrecognised.Using the default loss: `ForCausalLMLoss`.
Using device: cuda
--- Evaluation Setup ---
Model: shuffle_deterministic21
Checkpoint: checkpoint-3000
Results CSV: experiments/output/v2/results.csv
Dataset: data_generation/outputs/impossible_blimp/v2/irregular_past_participle_adjectives_20250618_141423%shuffle_deterministic21.jsonl
Phenomenon: irregular_past_participle_adjectives
Language: shuffle_deterministic21
Timestamp: 20250618_141423
------------------------
Starting evaluation...
Paired evaluation results saved to experiments/output/v2/raw/shuffle_deterministic21_checkpoint-3000_irregular_past_participle_adjectives_20250618_141423_shuffle_deterministic21_20250618_141423.csv
Evaluation finished. Processed 1000 sentence pairs.
Results have been saved to experiments/output/v2/results.csv

Experiment completed successfully.
--- Summary ---
Accuracy: 0.8040
Geometric Mean Perplexity (Good): 1405.9621
Geometric Mean Perplexity (Bad): 1779.2810
Using device: cuda
--- Evaluation Setup ---
Model: shuffle_deterministic57
Checkpoint: checkpoint-3000
Results CSV: experiments/output/v2/results.csv
Dataset: data_generation/outputs/impossible_blimp/v2/irregular_past_participle_adjectives_20250618_141423%shuffle_deterministic57.jsonl
Phenomenon: irregular_past_participle_adjectives
Language: shuffle_deterministic57
Timestamp: 20250618_141423
------------------------
Starting evaluation...
Experiment failed: [Errno 2] No such file or directory: 'data_generation/outputs/impossible_blimp/v2/irregular_past_participle_adjectives_20250618_141423%shuffle_deterministic57.jsonl'
Using device: cuda
--- Evaluation Setup ---
Model: shuffle_deterministic84
Checkpoint: checkpoint-3000
Results CSV: experiments/output/v2/results.csv
Dataset: data_generation/outputs/impossible_blimp/v2/irregular_past_participle_adjectives_20250618_141423%shuffle_deterministic84.jsonl
Phenomenon: irregular_past_participle_adjectives
Language: shuffle_deterministic84
Timestamp: 20250618_141423
------------------------
Starting evaluation...
Experiment failed: [Errno 2] No such file or directory: 'data_generation/outputs/impossible_blimp/v2/irregular_past_participle_adjectives_20250618_141423%shuffle_deterministic84.jsonl'
`loss_type=None` was set in the config but it is unrecognised.Using the default loss: `ForCausalLMLoss`.
Using device: cuda
--- Evaluation Setup ---
Model: shuffle_local3
Checkpoint: checkpoint-3000
Results CSV: experiments/output/v2/results.csv
Dataset: data_generation/outputs/impossible_blimp/v2/irregular_past_participle_adjectives_20250618_141423%shuffle_local3.jsonl
Phenomenon: irregular_past_participle_adjectives
Language: shuffle_local3
Timestamp: 20250618_141423
------------------------
Starting evaluation...
Paired evaluation results saved to experiments/output/v2/raw/shuffle_local3_checkpoint-3000_irregular_past_participle_adjectives_20250618_141423_shuffle_local3_20250618_141423.csv
Evaluation finished. Processed 1000 sentence pairs.
Results have been saved to experiments/output/v2/results.csv

Experiment completed successfully.
--- Summary ---
Accuracy: 0.9280
Geometric Mean Perplexity (Good): 388.5298
Geometric Mean Perplexity (Bad): 868.8408
`loss_type=None` was set in the config but it is unrecognised.Using the default loss: `ForCausalLMLoss`.
Using device: cuda
--- Evaluation Setup ---
Model: shuffle_local5
Checkpoint: checkpoint-3000
Results CSV: experiments/output/v2/results.csv
Dataset: data_generation/outputs/impossible_blimp/v2/irregular_past_participle_adjectives_20250618_141423%shuffle_local5.jsonl
Phenomenon: irregular_past_participle_adjectives
Language: shuffle_local5
Timestamp: 20250618_141423
------------------------
Starting evaluation...
Paired evaluation results saved to experiments/output/v2/raw/shuffle_local5_checkpoint-3000_irregular_past_participle_adjectives_20250618_141423_shuffle_local5_20250618_141423.csv
Evaluation finished. Processed 1000 sentence pairs.
Results have been saved to experiments/output/v2/results.csv

Experiment completed successfully.
--- Summary ---
Accuracy: 0.9060
Geometric Mean Perplexity (Good): 416.0990
Geometric Mean Perplexity (Bad): 672.3069
`loss_type=None` was set in the config but it is unrecognised.Using the default loss: `ForCausalLMLoss`.
Using device: cuda
--- Evaluation Setup ---
Model: shuffle_local10
Checkpoint: checkpoint-3000
Results CSV: experiments/output/v2/results.csv
Dataset: data_generation/outputs/impossible_blimp/v2/irregular_past_participle_adjectives_20250618_141423%shuffle_local10.jsonl
Phenomenon: irregular_past_participle_adjectives
Language: shuffle_local10
Timestamp: 20250618_141423
------------------------
Starting evaluation...
Paired evaluation results saved to experiments/output/v2/raw/shuffle_local10_checkpoint-3000_irregular_past_participle_adjectives_20250618_141423_shuffle_local10_20250618_141423.csv
Evaluation finished. Processed 1000 sentence pairs.
Results have been saved to experiments/output/v2/results.csv

Experiment completed successfully.
--- Summary ---
Accuracy: 0.8950
Geometric Mean Perplexity (Good): 712.7561
Geometric Mean Perplexity (Bad): 1117.3582
`loss_type=None` was set in the config but it is unrecognised.Using the default loss: `ForCausalLMLoss`.
Using device: cuda
--- Evaluation Setup ---
Model: shuffle_even_odd
Checkpoint: checkpoint-3000
Results CSV: experiments/output/v2/results.csv
Dataset: data_generation/outputs/impossible_blimp/v2/irregular_past_participle_adjectives_20250618_141423%shuffle_even_odd.jsonl
Phenomenon: irregular_past_participle_adjectives
Language: shuffle_even_odd
Timestamp: 20250618_141423
------------------------
Starting evaluation...
Paired evaluation results saved to experiments/output/v2/raw/shuffle_even_odd_checkpoint-3000_irregular_past_participle_adjectives_20250618_141423_shuffle_even_odd_20250618_141423.csv
Evaluation finished. Processed 1000 sentence pairs.
Results have been saved to experiments/output/v2/results.csv

Experiment completed successfully.
--- Summary ---
Accuracy: 0.8300
Geometric Mean Perplexity (Good): 1417.6638
Geometric Mean Perplexity (Bad): 2626.6828
`loss_type=None` was set in the config but it is unrecognised.Using the default loss: `ForCausalLMLoss`.
Using device: cuda
--- Evaluation Setup ---
Model: reverse_partial
Checkpoint: checkpoint-3000
Results CSV: experiments/output/v2/results.csv
Dataset: data_generation/outputs/impossible_blimp/v2/irregular_past_participle_adjectives_20250618_141423%reverse_partial.jsonl
Phenomenon: irregular_past_participle_adjectives
Language: reverse_partial
Timestamp: 20250618_141423
------------------------
Starting evaluation...
Paired evaluation results saved to experiments/output/v2/raw/reverse_partial_checkpoint-3000_irregular_past_participle_adjectives_20250618_141423_reverse_partial_20250618_141423.csv
Evaluation finished. Processed 1000 sentence pairs.
Results have been saved to experiments/output/v2/results.csv

Experiment completed successfully.
--- Summary ---
Accuracy: 0.7170
Geometric Mean Perplexity (Good): 371.7596
Geometric Mean Perplexity (Bad): 527.1371
`loss_type=None` was set in the config but it is unrecognised.Using the default loss: `ForCausalLMLoss`.
Using device: cuda
--- Evaluation Setup ---
Model: reverse_full
Checkpoint: checkpoint-3000
Results CSV: experiments/output/v2/results.csv
Dataset: data_generation/outputs/impossible_blimp/v2/irregular_past_participle_adjectives_20250618_141423%reverse_full.jsonl
Phenomenon: irregular_past_participle_adjectives
Language: reverse_full
Timestamp: 20250618_141423
------------------------
Starting evaluation...
Paired evaluation results saved to experiments/output/v2/raw/reverse_full_checkpoint-3000_irregular_past_participle_adjectives_20250618_141423_reverse_full_20250618_141423.csv
Evaluation finished. Processed 1000 sentence pairs.
Results have been saved to experiments/output/v2/results.csv

Experiment completed successfully.
--- Summary ---
Accuracy: 0.9860
Geometric Mean Perplexity (Good): 582.5970
Geometric Mean Perplexity (Bad): 1358.8345
[tc-exp 6aae0c5] batch run experiment -irregular_past_participle_adjectives_20250618_141423
 Committer: Ram Sinthalapadi <s2750316@landonia19.inf.ed.ac.uk>
Your name and e-mail address were configured automatically based
on your username and hostname. Please check that they are accurate.
You can suppress this message by setting them explicitly. Run the
following command and follow the instructions in your editor to edit
your configuration file:

    git config --global --edit

After doing this, you may fix the identity used for this commit with:

    git commit --amend --reset-author

 2 files changed, 239 insertions(+)
To github.com:ramjanarthan/impossible-languages.git
   f45e646..6aae0c5  tc-exp -> tc-exp
`loss_type=None` was set in the config but it is unrecognised.Using the default loss: `ForCausalLMLoss`.
Using device: cuda
--- Evaluation Setup ---
Model: english
Checkpoint: checkpoint-3000
Results CSV: experiments/output/v2/results.csv
Dataset: data_generation/outputs/impossible_blimp/v2/principle_A_c_command_20250623_165615.jsonl
Phenomenon: principle_A_c_command
Language: english
Timestamp: 20250623_165615
------------------------
Starting evaluation...
Paired evaluation results saved to experiments/output/v2/raw/english_checkpoint-3000_principle_A_c_command_20250623_165615_20250623_165615.csv
Evaluation finished. Processed 1000 sentence pairs.
Results have been saved to experiments/output/v2/results.csv

Experiment completed successfully.
--- Summary ---
Accuracy: 0.5920
Geometric Mean Perplexity (Good): 865.5455
Geometric Mean Perplexity (Bad): 908.6424
`loss_type=None` was set in the config but it is unrecognised.Using the default loss: `ForCausalLMLoss`.
Using device: cuda
--- Evaluation Setup ---
Model: shuffle_nondeterministic
Checkpoint: checkpoint-3000
Results CSV: experiments/output/v2/results.csv
Dataset: data_generation/outputs/impossible_blimp/v2/principle_A_c_command_20250623_165615%shuffle_nondeterministic.jsonl
Phenomenon: principle_A_c_command
Language: shuffle_nondeterministic
Timestamp: 20250623_165615
------------------------
Starting evaluation...
Paired evaluation results saved to experiments/output/v2/raw/shuffle_nondeterministic_checkpoint-3000_principle_A_c_command_20250623_165615_shuffle_nondeterministic_20250623_165615.csv
Evaluation finished. Processed 1000 sentence pairs.
Results have been saved to experiments/output/v2/results.csv

Experiment completed successfully.
--- Summary ---
Accuracy: 0.5240
Geometric Mean Perplexity (Good): 3372.3546
Geometric Mean Perplexity (Bad): 3451.9567
`loss_type=None` was set in the config but it is unrecognised.Using the default loss: `ForCausalLMLoss`.
Using device: cuda
--- Evaluation Setup ---
Model: shuffle_deterministic21
Checkpoint: checkpoint-3000
Results CSV: experiments/output/v2/results.csv
Dataset: data_generation/outputs/impossible_blimp/v2/principle_A_c_command_20250623_165615%shuffle_deterministic21.jsonl
Phenomenon: principle_A_c_command
Language: shuffle_deterministic21
Timestamp: 20250623_165615
------------------------
Starting evaluation...
Paired evaluation results saved to experiments/output/v2/raw/shuffle_deterministic21_checkpoint-3000_principle_A_c_command_20250623_165615_shuffle_deterministic21_20250623_165615.csv
Evaluation finished. Processed 1000 sentence pairs.
Results have been saved to experiments/output/v2/results.csv

Experiment completed successfully.
--- Summary ---
Accuracy: 0.5440
Geometric Mean Perplexity (Good): 2052.1386
Geometric Mean Perplexity (Bad): 2073.5582
Using device: cuda
--- Evaluation Setup ---
Model: shuffle_deterministic57
Checkpoint: checkpoint-3000
Results CSV: experiments/output/v2/results.csv
Dataset: data_generation/outputs/impossible_blimp/v2/principle_A_c_command_20250623_165615%shuffle_deterministic57.jsonl
Phenomenon: principle_A_c_command
Language: shuffle_deterministic57
Timestamp: 20250623_165615
------------------------
Starting evaluation...
Experiment failed: [Errno 2] No such file or directory: 'data_generation/outputs/impossible_blimp/v2/principle_A_c_command_20250623_165615%shuffle_deterministic57.jsonl'
Using device: cuda
--- Evaluation Setup ---
Model: shuffle_deterministic84
Checkpoint: checkpoint-3000
Results CSV: experiments/output/v2/results.csv
Dataset: data_generation/outputs/impossible_blimp/v2/principle_A_c_command_20250623_165615%shuffle_deterministic84.jsonl
Phenomenon: principle_A_c_command
Language: shuffle_deterministic84
Timestamp: 20250623_165615
------------------------
Starting evaluation...
Experiment failed: [Errno 2] No such file or directory: 'data_generation/outputs/impossible_blimp/v2/principle_A_c_command_20250623_165615%shuffle_deterministic84.jsonl'
`loss_type=None` was set in the config but it is unrecognised.Using the default loss: `ForCausalLMLoss`.
Using device: cuda
--- Evaluation Setup ---
Model: shuffle_local3
Checkpoint: checkpoint-3000
Results CSV: experiments/output/v2/results.csv
Dataset: data_generation/outputs/impossible_blimp/v2/principle_A_c_command_20250623_165615%shuffle_local3.jsonl
Phenomenon: principle_A_c_command
Language: shuffle_local3
Timestamp: 20250623_165615
------------------------
Starting evaluation...
Paired evaluation results saved to experiments/output/v2/raw/shuffle_local3_checkpoint-3000_principle_A_c_command_20250623_165615_shuffle_local3_20250623_165615.csv
Evaluation finished. Processed 1000 sentence pairs.
Results have been saved to experiments/output/v2/results.csv

Experiment completed successfully.
--- Summary ---
Accuracy: 0.5600
Geometric Mean Perplexity (Good): 1118.9790
Geometric Mean Perplexity (Bad): 1146.3151
`loss_type=None` was set in the config but it is unrecognised.Using the default loss: `ForCausalLMLoss`.
Using device: cuda
--- Evaluation Setup ---
Model: shuffle_local5
Checkpoint: checkpoint-3000
Results CSV: experiments/output/v2/results.csv
Dataset: data_generation/outputs/impossible_blimp/v2/principle_A_c_command_20250623_165615%shuffle_local5.jsonl
Phenomenon: principle_A_c_command
Language: shuffle_local5
Timestamp: 20250623_165615
------------------------
Starting evaluation...
Paired evaluation results saved to experiments/output/v2/raw/shuffle_local5_checkpoint-3000_principle_A_c_command_20250623_165615_shuffle_local5_20250623_165615.csv
Evaluation finished. Processed 1000 sentence pairs.
Results have been saved to experiments/output/v2/results.csv

Experiment completed successfully.
--- Summary ---
Accuracy: 0.6990
Geometric Mean Perplexity (Good): 1096.4614
Geometric Mean Perplexity (Bad): 1226.0245
`loss_type=None` was set in the config but it is unrecognised.Using the default loss: `ForCausalLMLoss`.
Using device: cuda
--- Evaluation Setup ---
Model: shuffle_local10
Checkpoint: checkpoint-3000
Results CSV: experiments/output/v2/results.csv
Dataset: data_generation/outputs/impossible_blimp/v2/principle_A_c_command_20250623_165615%shuffle_local10.jsonl
Phenomenon: principle_A_c_command
Language: shuffle_local10
Timestamp: 20250623_165615
------------------------
Starting evaluation...
Paired evaluation results saved to experiments/output/v2/raw/shuffle_local10_checkpoint-3000_principle_A_c_command_20250623_165615_shuffle_local10_20250623_165615.csv
Evaluation finished. Processed 1000 sentence pairs.
Results have been saved to experiments/output/v2/results.csv

Experiment completed successfully.
--- Summary ---
Accuracy: 0.5870
Geometric Mean Perplexity (Good): 1447.7633
Geometric Mean Perplexity (Bad): 1491.9351
`loss_type=None` was set in the config but it is unrecognised.Using the default loss: `ForCausalLMLoss`.
Using device: cuda
--- Evaluation Setup ---
Model: shuffle_even_odd
Checkpoint: checkpoint-3000
Results CSV: experiments/output/v2/results.csv
Dataset: data_generation/outputs/impossible_blimp/v2/principle_A_c_command_20250623_165615%shuffle_even_odd.jsonl
Phenomenon: principle_A_c_command
Language: shuffle_even_odd
Timestamp: 20250623_165615
------------------------
Starting evaluation...
Paired evaluation results saved to experiments/output/v2/raw/shuffle_even_odd_checkpoint-3000_principle_A_c_command_20250623_165615_shuffle_even_odd_20250623_165615.csv
Evaluation finished. Processed 1000 sentence pairs.
Results have been saved to experiments/output/v2/results.csv

Experiment completed successfully.
--- Summary ---
Accuracy: 0.4850
Geometric Mean Perplexity (Good): 1429.5742
Geometric Mean Perplexity (Bad): 1396.8446
`loss_type=None` was set in the config but it is unrecognised.Using the default loss: `ForCausalLMLoss`.
Using device: cuda
--- Evaluation Setup ---
Model: reverse_partial
Checkpoint: checkpoint-3000
Results CSV: experiments/output/v2/results.csv
Dataset: data_generation/outputs/impossible_blimp/v2/principle_A_c_command_20250623_165615%reverse_partial.jsonl
Phenomenon: principle_A_c_command
Language: reverse_partial
Timestamp: 20250623_165615
------------------------
Starting evaluation...
Paired evaluation results saved to experiments/output/v2/raw/reverse_partial_checkpoint-3000_principle_A_c_command_20250623_165615_reverse_partial_20250623_165615.csv
Evaluation finished. Processed 1000 sentence pairs.
Results have been saved to experiments/output/v2/results.csv

Experiment completed successfully.
--- Summary ---
Accuracy: 0.5630
Geometric Mean Perplexity (Good): 536.6998
Geometric Mean Perplexity (Bad): 560.9269
`loss_type=None` was set in the config but it is unrecognised.Using the default loss: `ForCausalLMLoss`.
Using device: cuda
--- Evaluation Setup ---
Model: reverse_full
Checkpoint: checkpoint-3000
Results CSV: experiments/output/v2/results.csv
Dataset: data_generation/outputs/impossible_blimp/v2/principle_A_c_command_20250623_165615%reverse_full.jsonl
Phenomenon: principle_A_c_command
Language: reverse_full
Timestamp: 20250623_165615
------------------------
Starting evaluation...
Paired evaluation results saved to experiments/output/v2/raw/reverse_full_checkpoint-3000_principle_A_c_command_20250623_165615_reverse_full_20250623_165615.csv
Evaluation finished. Processed 1000 sentence pairs.
Results have been saved to experiments/output/v2/results.csv

Experiment completed successfully.
--- Summary ---
Accuracy: 0.6340
Geometric Mean Perplexity (Good): 1010.6982
Geometric Mean Perplexity (Bad): 1089.0381
[tc-exp eb1827e] batch run experiment -principle_A_c_command_20250623_165615
 Committer: Ram Sinthalapadi <s2750316@landonia19.inf.ed.ac.uk>
Your name and e-mail address were configured automatically based
on your username and hostname. Please check that they are accurate.
You can suppress this message by setting them explicitly. Run the
following command and follow the instructions in your editor to edit
your configuration file:

    git config --global --edit

After doing this, you may fix the identity used for this commit with:

    git commit --amend --reset-author

 2 files changed, 239 insertions(+)
To github.com:ramjanarthan/impossible-languages.git
   6aae0c5..eb1827e  tc-exp -> tc-exp
`loss_type=None` was set in the config but it is unrecognised.Using the default loss: `ForCausalLMLoss`.
Using device: cuda
--- Evaluation Setup ---
Model: english
Checkpoint: checkpoint-3000
Results CSV: experiments/output/v2/results.csv
Dataset: data_generation/outputs/impossible_blimp/v2/wh_questions_object_gap_20250623_165615.jsonl
Phenomenon: wh_questions_object_gap
Language: english
Timestamp: 20250623_165615
------------------------
Starting evaluation...
Paired evaluation results saved to experiments/output/v2/raw/english_checkpoint-3000_wh_questions_object_gap_20250623_165615_20250623_165615.csv
Evaluation finished. Processed 1000 sentence pairs.
Results have been saved to experiments/output/v2/results.csv

Experiment completed successfully.
--- Summary ---
Accuracy: 0.6430
Geometric Mean Perplexity (Good): 836.3100
Geometric Mean Perplexity (Bad): 964.5468
`loss_type=None` was set in the config but it is unrecognised.Using the default loss: `ForCausalLMLoss`.
Using device: cuda
--- Evaluation Setup ---
Model: shuffle_nondeterministic
Checkpoint: checkpoint-3000
Results CSV: experiments/output/v2/results.csv
Dataset: data_generation/outputs/impossible_blimp/v2/wh_questions_object_gap_20250623_165615%shuffle_nondeterministic.jsonl
Phenomenon: wh_questions_object_gap
Language: shuffle_nondeterministic
Timestamp: 20250623_165615
------------------------
Starting evaluation...
Paired evaluation results saved to experiments/output/v2/raw/shuffle_nondeterministic_checkpoint-3000_wh_questions_object_gap_20250623_165615_shuffle_nondeterministic_20250623_165615.csv
Evaluation finished. Processed 1000 sentence pairs.
Results have been saved to experiments/output/v2/results.csv

Experiment completed successfully.
--- Summary ---
Accuracy: 0.5990
Geometric Mean Perplexity (Good): 3473.5515
Geometric Mean Perplexity (Bad): 4076.3712
`loss_type=None` was set in the config but it is unrecognised.Using the default loss: `ForCausalLMLoss`.
Using device: cuda
--- Evaluation Setup ---
Model: shuffle_deterministic21
Checkpoint: checkpoint-3000
Results CSV: experiments/output/v2/results.csv
Dataset: data_generation/outputs/impossible_blimp/v2/wh_questions_object_gap_20250623_165615%shuffle_deterministic21.jsonl
Phenomenon: wh_questions_object_gap
Language: shuffle_deterministic21
Timestamp: 20250623_165615
------------------------
Starting evaluation...
Paired evaluation results saved to experiments/output/v2/raw/shuffle_deterministic21_checkpoint-3000_wh_questions_object_gap_20250623_165615_shuffle_deterministic21_20250623_165615.csv
Evaluation finished. Processed 1000 sentence pairs.
Results have been saved to experiments/output/v2/results.csv

Experiment completed successfully.
--- Summary ---
Accuracy: 0.5370
Geometric Mean Perplexity (Good): 2658.6992
Geometric Mean Perplexity (Bad): 2712.2840
Using device: cuda
--- Evaluation Setup ---
Model: shuffle_deterministic57
Checkpoint: checkpoint-3000
Results CSV: experiments/output/v2/results.csv
Dataset: data_generation/outputs/impossible_blimp/v2/wh_questions_object_gap_20250623_165615%shuffle_deterministic57.jsonl
Phenomenon: wh_questions_object_gap
Language: shuffle_deterministic57
Timestamp: 20250623_165615
------------------------
Starting evaluation...
Experiment failed: [Errno 2] No such file or directory: 'data_generation/outputs/impossible_blimp/v2/wh_questions_object_gap_20250623_165615%shuffle_deterministic57.jsonl'
Using device: cuda
--- Evaluation Setup ---
Model: shuffle_deterministic84
Checkpoint: checkpoint-3000
Results CSV: experiments/output/v2/results.csv
Dataset: data_generation/outputs/impossible_blimp/v2/wh_questions_object_gap_20250623_165615%shuffle_deterministic84.jsonl
Phenomenon: wh_questions_object_gap
Language: shuffle_deterministic84
Timestamp: 20250623_165615
------------------------
Starting evaluation...
Experiment failed: [Errno 2] No such file or directory: 'data_generation/outputs/impossible_blimp/v2/wh_questions_object_gap_20250623_165615%shuffle_deterministic84.jsonl'
`loss_type=None` was set in the config but it is unrecognised.Using the default loss: `ForCausalLMLoss`.
Using device: cuda
--- Evaluation Setup ---
Model: shuffle_local3
Checkpoint: checkpoint-3000
Results CSV: experiments/output/v2/results.csv
Dataset: data_generation/outputs/impossible_blimp/v2/wh_questions_object_gap_20250623_165615%shuffle_local3.jsonl
Phenomenon: wh_questions_object_gap
Language: shuffle_local3
Timestamp: 20250623_165615
------------------------
Starting evaluation...
Paired evaluation results saved to experiments/output/v2/raw/shuffle_local3_checkpoint-3000_wh_questions_object_gap_20250623_165615_shuffle_local3_20250623_165615.csv
Evaluation finished. Processed 1000 sentence pairs.
Results have been saved to experiments/output/v2/results.csv

Experiment completed successfully.
--- Summary ---
Accuracy: 0.5850
Geometric Mean Perplexity (Good): 989.3946
Geometric Mean Perplexity (Bad): 1031.3399
`loss_type=None` was set in the config but it is unrecognised.Using the default loss: `ForCausalLMLoss`.
Using device: cuda
--- Evaluation Setup ---
Model: shuffle_local5
Checkpoint: checkpoint-3000
Results CSV: experiments/output/v2/results.csv
Dataset: data_generation/outputs/impossible_blimp/v2/wh_questions_object_gap_20250623_165615%shuffle_local5.jsonl
Phenomenon: wh_questions_object_gap
Language: shuffle_local5
Timestamp: 20250623_165615
------------------------
Starting evaluation...
Paired evaluation results saved to experiments/output/v2/raw/shuffle_local5_checkpoint-3000_wh_questions_object_gap_20250623_165615_shuffle_local5_20250623_165615.csv
Evaluation finished. Processed 1000 sentence pairs.
Results have been saved to experiments/output/v2/results.csv

Experiment completed successfully.
--- Summary ---
Accuracy: 0.6850
Geometric Mean Perplexity (Good): 930.4545
Geometric Mean Perplexity (Bad): 1086.5032
`loss_type=None` was set in the config but it is unrecognised.Using the default loss: `ForCausalLMLoss`.
Using device: cuda
--- Evaluation Setup ---
Model: shuffle_local10
Checkpoint: checkpoint-3000
Results CSV: experiments/output/v2/results.csv
Dataset: data_generation/outputs/impossible_blimp/v2/wh_questions_object_gap_20250623_165615%shuffle_local10.jsonl
Phenomenon: wh_questions_object_gap
Language: shuffle_local10
Timestamp: 20250623_165615
------------------------
Starting evaluation...
Paired evaluation results saved to experiments/output/v2/raw/shuffle_local10_checkpoint-3000_wh_questions_object_gap_20250623_165615_shuffle_local10_20250623_165615.csv
Evaluation finished. Processed 1000 sentence pairs.
Results have been saved to experiments/output/v2/results.csv

Experiment completed successfully.
--- Summary ---
Accuracy: 0.5840
Geometric Mean Perplexity (Good): 1471.0928
Geometric Mean Perplexity (Bad): 1612.0025
`loss_type=None` was set in the config but it is unrecognised.Using the default loss: `ForCausalLMLoss`.
Using device: cuda
--- Evaluation Setup ---
Model: shuffle_even_odd
Checkpoint: checkpoint-3000
Results CSV: experiments/output/v2/results.csv
Dataset: data_generation/outputs/impossible_blimp/v2/wh_questions_object_gap_20250623_165615%shuffle_even_odd.jsonl
Phenomenon: wh_questions_object_gap
Language: shuffle_even_odd
Timestamp: 20250623_165615
------------------------
Starting evaluation...
Paired evaluation results saved to experiments/output/v2/raw/shuffle_even_odd_checkpoint-3000_wh_questions_object_gap_20250623_165615_shuffle_even_odd_20250623_165615.csv
Evaluation finished. Processed 1000 sentence pairs.
Results have been saved to experiments/output/v2/results.csv

Experiment completed successfully.
--- Summary ---
Accuracy: 0.5480
Geometric Mean Perplexity (Good): 1356.8445
Geometric Mean Perplexity (Bad): 1440.7456
`loss_type=None` was set in the config but it is unrecognised.Using the default loss: `ForCausalLMLoss`.
Using device: cuda
--- Evaluation Setup ---
Model: reverse_partial
Checkpoint: checkpoint-3000
Results CSV: experiments/output/v2/results.csv
Dataset: data_generation/outputs/impossible_blimp/v2/wh_questions_object_gap_20250623_165615%reverse_partial.jsonl
Phenomenon: wh_questions_object_gap
Language: reverse_partial
Timestamp: 20250623_165615
------------------------
Starting evaluation...
Paired evaluation results saved to experiments/output/v2/raw/reverse_partial_checkpoint-3000_wh_questions_object_gap_20250623_165615_reverse_partial_20250623_165615.csv
Evaluation finished. Processed 1000 sentence pairs.
Results have been saved to experiments/output/v2/results.csv

Experiment completed successfully.
--- Summary ---
Accuracy: 0.6160
Geometric Mean Perplexity (Good): 514.9701
Geometric Mean Perplexity (Bad): 574.6073
`loss_type=None` was set in the config but it is unrecognised.Using the default loss: `ForCausalLMLoss`.
Using device: cuda
--- Evaluation Setup ---
Model: reverse_full
Checkpoint: checkpoint-3000
Results CSV: experiments/output/v2/results.csv
Dataset: data_generation/outputs/impossible_blimp/v2/wh_questions_object_gap_20250623_165615%reverse_full.jsonl
Phenomenon: wh_questions_object_gap
Language: reverse_full
Timestamp: 20250623_165615
------------------------
Starting evaluation...
Paired evaluation results saved to experiments/output/v2/raw/reverse_full_checkpoint-3000_wh_questions_object_gap_20250623_165615_reverse_full_20250623_165615.csv
Evaluation finished. Processed 1000 sentence pairs.
Results have been saved to experiments/output/v2/results.csv

Experiment completed successfully.
--- Summary ---
Accuracy: 0.5830
Geometric Mean Perplexity (Good): 982.7901
Geometric Mean Perplexity (Bad): 1060.2314
[tc-exp c7edf5a] batch run experiment -wh_questions_object_gap_20250623_165615
 Committer: Ram Sinthalapadi <s2750316@landonia19.inf.ed.ac.uk>
Your name and e-mail address were configured automatically based
on your username and hostname. Please check that they are accurate.
You can suppress this message by setting them explicitly. Run the
following command and follow the instructions in your editor to edit
your configuration file:

    git config --global --edit

After doing this, you may fix the identity used for this commit with:

    git commit --amend --reset-author

 2 files changed, 239 insertions(+)
To github.com:ramjanarthan/impossible-languages.git
   eb1827e..c7edf5a  tc-exp -> tc-exp
`loss_type=None` was set in the config but it is unrecognised.Using the default loss: `ForCausalLMLoss`.
Using device: cuda
--- Evaluation Setup ---
Model: english
Checkpoint: checkpoint-3000
Results CSV: experiments/output/v2/results.csv
Dataset: data_generation/outputs/impossible_blimp/v2/wh_questions_object_gap_long_distance_20250623_165615.jsonl
Phenomenon: wh_questions_object_gap_long_distance
Language: english
Timestamp: 20250623_165615
------------------------
Starting evaluation...
Paired evaluation results saved to experiments/output/v2/raw/english_checkpoint-3000_wh_questions_object_gap_long_distance_20250623_165615_20250623_165615.csv
Evaluation finished. Processed 1000 sentence pairs.
Results have been saved to experiments/output/v2/results.csv

Experiment completed successfully.
--- Summary ---
Accuracy: 0.5940
Geometric Mean Perplexity (Good): 861.9055
Geometric Mean Perplexity (Bad): 912.7687
`loss_type=None` was set in the config but it is unrecognised.Using the default loss: `ForCausalLMLoss`.
Using device: cuda
--- Evaluation Setup ---
Model: shuffle_nondeterministic
Checkpoint: checkpoint-3000
Results CSV: experiments/output/v2/results.csv
Dataset: data_generation/outputs/impossible_blimp/v2/wh_questions_object_gap_long_distance_20250623_165615%shuffle_nondeterministic.jsonl
Phenomenon: wh_questions_object_gap_long_distance
Language: shuffle_nondeterministic
Timestamp: 20250623_165615
------------------------
Starting evaluation...
Paired evaluation results saved to experiments/output/v2/raw/shuffle_nondeterministic_checkpoint-3000_wh_questions_object_gap_long_distance_20250623_165615_shuffle_nondeterministic_20250623_165615.csv
Evaluation finished. Processed 1000 sentence pairs.
Results have been saved to experiments/output/v2/results.csv

Experiment completed successfully.
--- Summary ---
Accuracy: 0.5920
Geometric Mean Perplexity (Good): 2938.0349
Geometric Mean Perplexity (Bad): 3276.8241
`loss_type=None` was set in the config but it is unrecognised.Using the default loss: `ForCausalLMLoss`.
Using device: cuda
--- Evaluation Setup ---
Model: shuffle_deterministic21
Checkpoint: checkpoint-3000
Results CSV: experiments/output/v2/results.csv
Dataset: data_generation/outputs/impossible_blimp/v2/wh_questions_object_gap_long_distance_20250623_165615%shuffle_deterministic21.jsonl
Phenomenon: wh_questions_object_gap_long_distance
Language: shuffle_deterministic21
Timestamp: 20250623_165615
------------------------
Starting evaluation...
Paired evaluation results saved to experiments/output/v2/raw/shuffle_deterministic21_checkpoint-3000_wh_questions_object_gap_long_distance_20250623_165615_shuffle_deterministic21_20250623_165615.csv
Evaluation finished. Processed 1000 sentence pairs.
Results have been saved to experiments/output/v2/results.csv

Experiment completed successfully.
--- Summary ---
Accuracy: 0.5600
Geometric Mean Perplexity (Good): 2347.7272
Geometric Mean Perplexity (Bad): 2439.4425
Using device: cuda
--- Evaluation Setup ---
Model: shuffle_deterministic57
Checkpoint: checkpoint-3000
Results CSV: experiments/output/v2/results.csv
Dataset: data_generation/outputs/impossible_blimp/v2/wh_questions_object_gap_long_distance_20250623_165615%shuffle_deterministic57.jsonl
Phenomenon: wh_questions_object_gap_long_distance
Language: shuffle_deterministic57
Timestamp: 20250623_165615
------------------------
Starting evaluation...
Experiment failed: [Errno 2] No such file or directory: 'data_generation/outputs/impossible_blimp/v2/wh_questions_object_gap_long_distance_20250623_165615%shuffle_deterministic57.jsonl'
Using device: cuda
--- Evaluation Setup ---
Model: shuffle_deterministic84
Checkpoint: checkpoint-3000
Results CSV: experiments/output/v2/results.csv
Dataset: data_generation/outputs/impossible_blimp/v2/wh_questions_object_gap_long_distance_20250623_165615%shuffle_deterministic84.jsonl
Phenomenon: wh_questions_object_gap_long_distance
Language: shuffle_deterministic84
Timestamp: 20250623_165615
------------------------
Starting evaluation...
Experiment failed: [Errno 2] No such file or directory: 'data_generation/outputs/impossible_blimp/v2/wh_questions_object_gap_long_distance_20250623_165615%shuffle_deterministic84.jsonl'
`loss_type=None` was set in the config but it is unrecognised.Using the default loss: `ForCausalLMLoss`.
Using device: cuda
--- Evaluation Setup ---
Model: shuffle_local3
Checkpoint: checkpoint-3000
Results CSV: experiments/output/v2/results.csv
Dataset: data_generation/outputs/impossible_blimp/v2/wh_questions_object_gap_long_distance_20250623_165615%shuffle_local3.jsonl
Phenomenon: wh_questions_object_gap_long_distance
Language: shuffle_local3
Timestamp: 20250623_165615
------------------------
Starting evaluation...
Paired evaluation results saved to experiments/output/v2/raw/shuffle_local3_checkpoint-3000_wh_questions_object_gap_long_distance_20250623_165615_shuffle_local3_20250623_165615.csv
Evaluation finished. Processed 1000 sentence pairs.
Results have been saved to experiments/output/v2/results.csv

Experiment completed successfully.
--- Summary ---
Accuracy: 0.5480
Geometric Mean Perplexity (Good): 998.2927
Geometric Mean Perplexity (Bad): 998.3425
`loss_type=None` was set in the config but it is unrecognised.Using the default loss: `ForCausalLMLoss`.
Using device: cuda
--- Evaluation Setup ---
Model: shuffle_local5
Checkpoint: checkpoint-3000
Results CSV: experiments/output/v2/results.csv
Dataset: data_generation/outputs/impossible_blimp/v2/wh_questions_object_gap_long_distance_20250623_165615%shuffle_local5.jsonl
Phenomenon: wh_questions_object_gap_long_distance
Language: shuffle_local5
Timestamp: 20250623_165615
------------------------
Starting evaluation...
Paired evaluation results saved to experiments/output/v2/raw/shuffle_local5_checkpoint-3000_wh_questions_object_gap_long_distance_20250623_165615_shuffle_local5_20250623_165615.csv
Evaluation finished. Processed 1000 sentence pairs.
Results have been saved to experiments/output/v2/results.csv

Experiment completed successfully.
--- Summary ---
Accuracy: 0.6530
Geometric Mean Perplexity (Good): 932.3206
Geometric Mean Perplexity (Bad): 1054.5407
`loss_type=None` was set in the config but it is unrecognised.Using the default loss: `ForCausalLMLoss`.
Using device: cuda
--- Evaluation Setup ---
Model: shuffle_local10
Checkpoint: checkpoint-3000
Results CSV: experiments/output/v2/results.csv
Dataset: data_generation/outputs/impossible_blimp/v2/wh_questions_object_gap_long_distance_20250623_165615%shuffle_local10.jsonl
Phenomenon: wh_questions_object_gap_long_distance
Language: shuffle_local10
Timestamp: 20250623_165615
------------------------
Starting evaluation...
Paired evaluation results saved to experiments/output/v2/raw/shuffle_local10_checkpoint-3000_wh_questions_object_gap_long_distance_20250623_165615_shuffle_local10_20250623_165615.csv
Evaluation finished. Processed 1000 sentence pairs.
Results have been saved to experiments/output/v2/results.csv

Experiment completed successfully.
--- Summary ---
Accuracy: 0.6080
Geometric Mean Perplexity (Good): 1234.2527
Geometric Mean Perplexity (Bad): 1403.0405
`loss_type=None` was set in the config but it is unrecognised.Using the default loss: `ForCausalLMLoss`.
Using device: cuda
--- Evaluation Setup ---
Model: shuffle_even_odd
Checkpoint: checkpoint-3000
Results CSV: experiments/output/v2/results.csv
Dataset: data_generation/outputs/impossible_blimp/v2/wh_questions_object_gap_long_distance_20250623_165615%shuffle_even_odd.jsonl
Phenomenon: wh_questions_object_gap_long_distance
Language: shuffle_even_odd
Timestamp: 20250623_165615
------------------------
Starting evaluation...
Paired evaluation results saved to experiments/output/v2/raw/shuffle_even_odd_checkpoint-3000_wh_questions_object_gap_long_distance_20250623_165615_shuffle_even_odd_20250623_165615.csv
Evaluation finished. Processed 1000 sentence pairs.
Results have been saved to experiments/output/v2/results.csv

Experiment completed successfully.
--- Summary ---
Accuracy: 0.5940
Geometric Mean Perplexity (Good): 1328.5761
Geometric Mean Perplexity (Bad): 1434.7802
`loss_type=None` was set in the config but it is unrecognised.Using the default loss: `ForCausalLMLoss`.
Using device: cuda
--- Evaluation Setup ---
Model: reverse_partial
Checkpoint: checkpoint-3000
Results CSV: experiments/output/v2/results.csv
Dataset: data_generation/outputs/impossible_blimp/v2/wh_questions_object_gap_long_distance_20250623_165615%reverse_partial.jsonl
Phenomenon: wh_questions_object_gap_long_distance
Language: reverse_partial
Timestamp: 20250623_165615
------------------------
Starting evaluation...
Paired evaluation results saved to experiments/output/v2/raw/reverse_partial_checkpoint-3000_wh_questions_object_gap_long_distance_20250623_165615_reverse_partial_20250623_165615.csv
Evaluation finished. Processed 1000 sentence pairs.
Results have been saved to experiments/output/v2/results.csv

Experiment completed successfully.
--- Summary ---
Accuracy: 0.5410
Geometric Mean Perplexity (Good): 609.5249
Geometric Mean Perplexity (Bad): 644.4601
`loss_type=None` was set in the config but it is unrecognised.Using the default loss: `ForCausalLMLoss`.
Using device: cuda
--- Evaluation Setup ---
Model: reverse_full
Checkpoint: checkpoint-3000
Results CSV: experiments/output/v2/results.csv
Dataset: data_generation/outputs/impossible_blimp/v2/wh_questions_object_gap_long_distance_20250623_165615%reverse_full.jsonl
Phenomenon: wh_questions_object_gap_long_distance
Language: reverse_full
Timestamp: 20250623_165615
------------------------
Starting evaluation...
Paired evaluation results saved to experiments/output/v2/raw/reverse_full_checkpoint-3000_wh_questions_object_gap_long_distance_20250623_165615_reverse_full_20250623_165615.csv
Evaluation finished. Processed 1000 sentence pairs.
Results have been saved to experiments/output/v2/results.csv

Experiment completed successfully.
--- Summary ---
Accuracy: 0.5550
Geometric Mean Perplexity (Good): 1081.9073
Geometric Mean Perplexity (Bad): 1131.5995
[tc-exp 94e1524] batch run experiment -wh_questions_object_gap_long_distance_20250623_165615
 Committer: Ram Sinthalapadi <s2750316@landonia19.inf.ed.ac.uk>
Your name and e-mail address were configured automatically based
on your username and hostname. Please check that they are accurate.
You can suppress this message by setting them explicitly. Run the
following command and follow the instructions in your editor to edit
your configuration file:

    git config --global --edit

After doing this, you may fix the identity used for this commit with:

    git commit --amend --reset-author

 2 files changed, 239 insertions(+)
To github.com:ramjanarthan/impossible-languages.git
   c7edf5a..94e1524  tc-exp -> tc-exp
`loss_type=None` was set in the config but it is unrecognised.Using the default loss: `ForCausalLMLoss`.
Using device: cuda
--- Evaluation Setup ---
Model: english
Checkpoint: checkpoint-3000
Results CSV: experiments/output/v2/results.csv
Dataset: data_generation/outputs/impossible_blimp/v2/wh_questions_subject_gap_20250623_165615.jsonl
Phenomenon: wh_questions_subject_gap
Language: english
Timestamp: 20250623_165615
------------------------
Starting evaluation...
Paired evaluation results saved to experiments/output/v2/raw/english_checkpoint-3000_wh_questions_subject_gap_20250623_165615_20250623_165615.csv
Evaluation finished. Processed 1000 sentence pairs.
Results have been saved to experiments/output/v2/results.csv

Experiment completed successfully.
--- Summary ---
Accuracy: 0.8520
Geometric Mean Perplexity (Good): 775.7867
Geometric Mean Perplexity (Bad): 1137.7860
`loss_type=None` was set in the config but it is unrecognised.Using the default loss: `ForCausalLMLoss`.
Using device: cuda
--- Evaluation Setup ---
Model: shuffle_nondeterministic
Checkpoint: checkpoint-3000
Results CSV: experiments/output/v2/results.csv
Dataset: data_generation/outputs/impossible_blimp/v2/wh_questions_subject_gap_20250623_165615%shuffle_nondeterministic.jsonl
Phenomenon: wh_questions_subject_gap
Language: shuffle_nondeterministic
Timestamp: 20250623_165615
------------------------
Starting evaluation...
Paired evaluation results saved to experiments/output/v2/raw/shuffle_nondeterministic_checkpoint-3000_wh_questions_subject_gap_20250623_165615_shuffle_nondeterministic_20250623_165615.csv
Evaluation finished. Processed 1000 sentence pairs.
Results have been saved to experiments/output/v2/results.csv

Experiment completed successfully.
--- Summary ---
Accuracy: 0.6310
Geometric Mean Perplexity (Good): 3655.2517
Geometric Mean Perplexity (Bad): 4393.4236
`loss_type=None` was set in the config but it is unrecognised.Using the default loss: `ForCausalLMLoss`.
Using device: cuda
--- Evaluation Setup ---
Model: shuffle_deterministic21
Checkpoint: checkpoint-3000
Results CSV: experiments/output/v2/results.csv
Dataset: data_generation/outputs/impossible_blimp/v2/wh_questions_subject_gap_20250623_165615%shuffle_deterministic21.jsonl
Phenomenon: wh_questions_subject_gap
Language: shuffle_deterministic21
Timestamp: 20250623_165615
------------------------
Starting evaluation...
Paired evaluation results saved to experiments/output/v2/raw/shuffle_deterministic21_checkpoint-3000_wh_questions_subject_gap_20250623_165615_shuffle_deterministic21_20250623_165615.csv
Evaluation finished. Processed 1000 sentence pairs.
Results have been saved to experiments/output/v2/results.csv

Experiment completed successfully.
--- Summary ---
Accuracy: 0.6270
Geometric Mean Perplexity (Good): 2737.6612
Geometric Mean Perplexity (Bad): 2937.2039
Using device: cuda
--- Evaluation Setup ---
Model: shuffle_deterministic57
Checkpoint: checkpoint-3000
Results CSV: experiments/output/v2/results.csv
Dataset: data_generation/outputs/impossible_blimp/v2/wh_questions_subject_gap_20250623_165615%shuffle_deterministic57.jsonl
Phenomenon: wh_questions_subject_gap
Language: shuffle_deterministic57
Timestamp: 20250623_165615
------------------------
Starting evaluation...
Experiment failed: [Errno 2] No such file or directory: 'data_generation/outputs/impossible_blimp/v2/wh_questions_subject_gap_20250623_165615%shuffle_deterministic57.jsonl'
Using device: cuda
--- Evaluation Setup ---
Model: shuffle_deterministic84
Checkpoint: checkpoint-3000
Results CSV: experiments/output/v2/results.csv
Dataset: data_generation/outputs/impossible_blimp/v2/wh_questions_subject_gap_20250623_165615%shuffle_deterministic84.jsonl
Phenomenon: wh_questions_subject_gap
Language: shuffle_deterministic84
Timestamp: 20250623_165615
------------------------
Starting evaluation...
Experiment failed: [Errno 2] No such file or directory: 'data_generation/outputs/impossible_blimp/v2/wh_questions_subject_gap_20250623_165615%shuffle_deterministic84.jsonl'
`loss_type=None` was set in the config but it is unrecognised.Using the default loss: `ForCausalLMLoss`.
Using device: cuda
--- Evaluation Setup ---
Model: shuffle_local3
Checkpoint: checkpoint-3000
Results CSV: experiments/output/v2/results.csv
Dataset: data_generation/outputs/impossible_blimp/v2/wh_questions_subject_gap_20250623_165615%shuffle_local3.jsonl
Phenomenon: wh_questions_subject_gap
Language: shuffle_local3
Timestamp: 20250623_165615
------------------------
Starting evaluation...
Paired evaluation results saved to experiments/output/v2/raw/shuffle_local3_checkpoint-3000_wh_questions_subject_gap_20250623_165615_shuffle_local3_20250623_165615.csv
Evaluation finished. Processed 1000 sentence pairs.
Results have been saved to experiments/output/v2/results.csv

Experiment completed successfully.
--- Summary ---
Accuracy: 0.8570
Geometric Mean Perplexity (Good): 773.2005
Geometric Mean Perplexity (Bad): 1196.8351
`loss_type=None` was set in the config but it is unrecognised.Using the default loss: `ForCausalLMLoss`.
Using device: cuda
--- Evaluation Setup ---
Model: shuffle_local5
Checkpoint: checkpoint-3000
Results CSV: experiments/output/v2/results.csv
Dataset: data_generation/outputs/impossible_blimp/v2/wh_questions_subject_gap_20250623_165615%shuffle_local5.jsonl
Phenomenon: wh_questions_subject_gap
Language: shuffle_local5
Timestamp: 20250623_165615
------------------------
Starting evaluation...
Paired evaluation results saved to experiments/output/v2/raw/shuffle_local5_checkpoint-3000_wh_questions_subject_gap_20250623_165615_shuffle_local5_20250623_165615.csv
Evaluation finished. Processed 1000 sentence pairs.
Results have been saved to experiments/output/v2/results.csv

Experiment completed successfully.
--- Summary ---
Accuracy: 0.8640
Geometric Mean Perplexity (Good): 863.1042
Geometric Mean Perplexity (Bad): 1271.0981
`loss_type=None` was set in the config but it is unrecognised.Using the default loss: `ForCausalLMLoss`.
Using device: cuda
--- Evaluation Setup ---
Model: shuffle_local10
Checkpoint: checkpoint-3000
Results CSV: experiments/output/v2/results.csv
Dataset: data_generation/outputs/impossible_blimp/v2/wh_questions_subject_gap_20250623_165615%shuffle_local10.jsonl
Phenomenon: wh_questions_subject_gap
Language: shuffle_local10
Timestamp: 20250623_165615
------------------------
Starting evaluation...
Paired evaluation results saved to experiments/output/v2/raw/shuffle_local10_checkpoint-3000_wh_questions_subject_gap_20250623_165615_shuffle_local10_20250623_165615.csv
Evaluation finished. Processed 1000 sentence pairs.
Results have been saved to experiments/output/v2/results.csv

Experiment completed successfully.
--- Summary ---
Accuracy: 0.8200
Geometric Mean Perplexity (Good): 1345.9176
Geometric Mean Perplexity (Bad): 2028.3385
`loss_type=None` was set in the config but it is unrecognised.Using the default loss: `ForCausalLMLoss`.
Using device: cuda
--- Evaluation Setup ---
Model: shuffle_even_odd
Checkpoint: checkpoint-3000
Results CSV: experiments/output/v2/results.csv
Dataset: data_generation/outputs/impossible_blimp/v2/wh_questions_subject_gap_20250623_165615%shuffle_even_odd.jsonl
Phenomenon: wh_questions_subject_gap
Language: shuffle_even_odd
Timestamp: 20250623_165615
------------------------
Starting evaluation...
Paired evaluation results saved to experiments/output/v2/raw/shuffle_even_odd_checkpoint-3000_wh_questions_subject_gap_20250623_165615_shuffle_even_odd_20250623_165615.csv
Evaluation finished. Processed 1000 sentence pairs.
Results have been saved to experiments/output/v2/results.csv

Experiment completed successfully.
--- Summary ---
Accuracy: 0.7960
Geometric Mean Perplexity (Good): 1202.5449
Geometric Mean Perplexity (Bad): 1765.8024
`loss_type=None` was set in the config but it is unrecognised.Using the default loss: `ForCausalLMLoss`.
Using device: cuda
--- Evaluation Setup ---
Model: reverse_partial
Checkpoint: checkpoint-3000
Results CSV: experiments/output/v2/results.csv
Dataset: data_generation/outputs/impossible_blimp/v2/wh_questions_subject_gap_20250623_165615%reverse_partial.jsonl
Phenomenon: wh_questions_subject_gap
Language: reverse_partial
Timestamp: 20250623_165615
------------------------
Starting evaluation...
Paired evaluation results saved to experiments/output/v2/raw/reverse_partial_checkpoint-3000_wh_questions_subject_gap_20250623_165615_reverse_partial_20250623_165615.csv
Evaluation finished. Processed 1000 sentence pairs.
Results have been saved to experiments/output/v2/results.csv

Experiment completed successfully.
--- Summary ---
Accuracy: 0.7510
Geometric Mean Perplexity (Good): 493.3573
Geometric Mean Perplexity (Bad): 693.9916
`loss_type=None` was set in the config but it is unrecognised.Using the default loss: `ForCausalLMLoss`.
Using device: cuda
--- Evaluation Setup ---
Model: reverse_full
Checkpoint: checkpoint-3000
Results CSV: experiments/output/v2/results.csv
Dataset: data_generation/outputs/impossible_blimp/v2/wh_questions_subject_gap_20250623_165615%reverse_full.jsonl
Phenomenon: wh_questions_subject_gap
Language: reverse_full
Timestamp: 20250623_165615
------------------------
Starting evaluation...
Paired evaluation results saved to experiments/output/v2/raw/reverse_full_checkpoint-3000_wh_questions_subject_gap_20250623_165615_reverse_full_20250623_165615.csv
Evaluation finished. Processed 1000 sentence pairs.
Results have been saved to experiments/output/v2/results.csv

Experiment completed successfully.
--- Summary ---
Accuracy: 0.8340
Geometric Mean Perplexity (Good): 925.8233
Geometric Mean Perplexity (Bad): 1359.3660
[tc-exp 4425909] batch run experiment -wh_questions_subject_gap_20250623_165615
 Committer: Ram Sinthalapadi <s2750316@landonia19.inf.ed.ac.uk>
Your name and e-mail address were configured automatically based
on your username and hostname. Please check that they are accurate.
You can suppress this message by setting them explicitly. Run the
following command and follow the instructions in your editor to edit
your configuration file:

    git config --global --edit

After doing this, you may fix the identity used for this commit with:

    git commit --amend --reset-author

 2 files changed, 239 insertions(+)
To github.com:ramjanarthan/impossible-languages.git
   94e1524..4425909  tc-exp -> tc-exp
`loss_type=None` was set in the config but it is unrecognised.Using the default loss: `ForCausalLMLoss`.
Using device: cuda
--- Evaluation Setup ---
Model: english
Checkpoint: checkpoint-3000
Results CSV: experiments/output/v2/results.csv
Dataset: data_generation/outputs/impossible_blimp/v2/wh_questions_subject_gap_long_distance_20250623_165615.jsonl
Phenomenon: wh_questions_subject_gap_long_distance
Language: english
Timestamp: 20250623_165615
------------------------
Starting evaluation...
Paired evaluation results saved to experiments/output/v2/raw/english_checkpoint-3000_wh_questions_subject_gap_long_distance_20250623_165615_20250623_165615.csv
Evaluation finished. Processed 1000 sentence pairs.
Results have been saved to experiments/output/v2/results.csv

Experiment completed successfully.
--- Summary ---
Accuracy: 0.8950
Geometric Mean Perplexity (Good): 832.8847
Geometric Mean Perplexity (Bad): 1149.0434
`loss_type=None` was set in the config but it is unrecognised.Using the default loss: `ForCausalLMLoss`.
Using device: cuda
--- Evaluation Setup ---
Model: shuffle_nondeterministic
Checkpoint: checkpoint-3000
Results CSV: experiments/output/v2/results.csv
Dataset: data_generation/outputs/impossible_blimp/v2/wh_questions_subject_gap_long_distance_20250623_165615%shuffle_nondeterministic.jsonl
Phenomenon: wh_questions_subject_gap_long_distance
Language: shuffle_nondeterministic
Timestamp: 20250623_165615
------------------------
Starting evaluation...
Paired evaluation results saved to experiments/output/v2/raw/shuffle_nondeterministic_checkpoint-3000_wh_questions_subject_gap_long_distance_20250623_165615_shuffle_nondeterministic_20250623_165615.csv
Evaluation finished. Processed 1000 sentence pairs.
Results have been saved to experiments/output/v2/results.csv

Experiment completed successfully.
--- Summary ---
Accuracy: 0.6130
Geometric Mean Perplexity (Good): 3358.9375
Geometric Mean Perplexity (Bad): 3772.3222
`loss_type=None` was set in the config but it is unrecognised.Using the default loss: `ForCausalLMLoss`.
Using device: cuda
--- Evaluation Setup ---
Model: shuffle_deterministic21
Checkpoint: checkpoint-3000
Results CSV: experiments/output/v2/results.csv
Dataset: data_generation/outputs/impossible_blimp/v2/wh_questions_subject_gap_long_distance_20250623_165615%shuffle_deterministic21.jsonl
Phenomenon: wh_questions_subject_gap_long_distance
Language: shuffle_deterministic21
Timestamp: 20250623_165615
------------------------
Starting evaluation...
Paired evaluation results saved to experiments/output/v2/raw/shuffle_deterministic21_checkpoint-3000_wh_questions_subject_gap_long_distance_20250623_165615_shuffle_deterministic21_20250623_165615.csv
Evaluation finished. Processed 1000 sentence pairs.
Results have been saved to experiments/output/v2/results.csv

Experiment completed successfully.
--- Summary ---
Accuracy: 0.7130
Geometric Mean Perplexity (Good): 2452.7513
Geometric Mean Perplexity (Bad): 2947.4284
Using device: cuda
--- Evaluation Setup ---
Model: shuffle_deterministic57
Checkpoint: checkpoint-3000
Results CSV: experiments/output/v2/results.csv
Dataset: data_generation/outputs/impossible_blimp/v2/wh_questions_subject_gap_long_distance_20250623_165615%shuffle_deterministic57.jsonl
Phenomenon: wh_questions_subject_gap_long_distance
Language: shuffle_deterministic57
Timestamp: 20250623_165615
------------------------
Starting evaluation...
Experiment failed: [Errno 2] No such file or directory: 'data_generation/outputs/impossible_blimp/v2/wh_questions_subject_gap_long_distance_20250623_165615%shuffle_deterministic57.jsonl'
Using device: cuda
--- Evaluation Setup ---
Model: shuffle_deterministic84
Checkpoint: checkpoint-3000
Results CSV: experiments/output/v2/results.csv
Dataset: data_generation/outputs/impossible_blimp/v2/wh_questions_subject_gap_long_distance_20250623_165615%shuffle_deterministic84.jsonl
Phenomenon: wh_questions_subject_gap_long_distance
Language: shuffle_deterministic84
Timestamp: 20250623_165615
------------------------
Starting evaluation...
Experiment failed: [Errno 2] No such file or directory: 'data_generation/outputs/impossible_blimp/v2/wh_questions_subject_gap_long_distance_20250623_165615%shuffle_deterministic84.jsonl'
`loss_type=None` was set in the config but it is unrecognised.Using the default loss: `ForCausalLMLoss`.
Using device: cuda
--- Evaluation Setup ---
Model: shuffle_local3
Checkpoint: checkpoint-3000
Results CSV: experiments/output/v2/results.csv
Dataset: data_generation/outputs/impossible_blimp/v2/wh_questions_subject_gap_long_distance_20250623_165615%shuffle_local3.jsonl
Phenomenon: wh_questions_subject_gap_long_distance
Language: shuffle_local3
Timestamp: 20250623_165615
------------------------
Starting evaluation...
Paired evaluation results saved to experiments/output/v2/raw/shuffle_local3_checkpoint-3000_wh_questions_subject_gap_long_distance_20250623_165615_shuffle_local3_20250623_165615.csv
Evaluation finished. Processed 1000 sentence pairs.
Results have been saved to experiments/output/v2/results.csv

Experiment completed successfully.
--- Summary ---
Accuracy: 0.8280
Geometric Mean Perplexity (Good): 945.6593
Geometric Mean Perplexity (Bad): 1356.0505
`loss_type=None` was set in the config but it is unrecognised.Using the default loss: `ForCausalLMLoss`.
Using device: cuda
--- Evaluation Setup ---
Model: shuffle_local5
Checkpoint: checkpoint-3000
Results CSV: experiments/output/v2/results.csv
Dataset: data_generation/outputs/impossible_blimp/v2/wh_questions_subject_gap_long_distance_20250623_165615%shuffle_local5.jsonl
Phenomenon: wh_questions_subject_gap_long_distance
Language: shuffle_local5
Timestamp: 20250623_165615
------------------------
Starting evaluation...
Paired evaluation results saved to experiments/output/v2/raw/shuffle_local5_checkpoint-3000_wh_questions_subject_gap_long_distance_20250623_165615_shuffle_local5_20250623_165615.csv
Evaluation finished. Processed 1000 sentence pairs.
Results have been saved to experiments/output/v2/results.csv

Experiment completed successfully.
--- Summary ---
Accuracy: 0.8400
Geometric Mean Perplexity (Good): 925.3313
Geometric Mean Perplexity (Bad): 1272.1645
`loss_type=None` was set in the config but it is unrecognised.Using the default loss: `ForCausalLMLoss`.
Using device: cuda
--- Evaluation Setup ---
Model: shuffle_local10
Checkpoint: checkpoint-3000
Results CSV: experiments/output/v2/results.csv
Dataset: data_generation/outputs/impossible_blimp/v2/wh_questions_subject_gap_long_distance_20250623_165615%shuffle_local10.jsonl
Phenomenon: wh_questions_subject_gap_long_distance
Language: shuffle_local10
Timestamp: 20250623_165615
------------------------
Starting evaluation...
Paired evaluation results saved to experiments/output/v2/raw/shuffle_local10_checkpoint-3000_wh_questions_subject_gap_long_distance_20250623_165615_shuffle_local10_20250623_165615.csv
Evaluation finished. Processed 1000 sentence pairs.
Results have been saved to experiments/output/v2/results.csv

Experiment completed successfully.
--- Summary ---
Accuracy: 0.7720
Geometric Mean Perplexity (Good): 1318.8332
Geometric Mean Perplexity (Bad): 1765.5540
`loss_type=None` was set in the config but it is unrecognised.Using the default loss: `ForCausalLMLoss`.
Using device: cuda
--- Evaluation Setup ---
Model: shuffle_even_odd
Checkpoint: checkpoint-3000
Results CSV: experiments/output/v2/results.csv
Dataset: data_generation/outputs/impossible_blimp/v2/wh_questions_subject_gap_long_distance_20250623_165615%shuffle_even_odd.jsonl
Phenomenon: wh_questions_subject_gap_long_distance
Language: shuffle_even_odd
Timestamp: 20250623_165615
------------------------
Starting evaluation...
Paired evaluation results saved to experiments/output/v2/raw/shuffle_even_odd_checkpoint-3000_wh_questions_subject_gap_long_distance_20250623_165615_shuffle_even_odd_20250623_165615.csv
Evaluation finished. Processed 1000 sentence pairs.
Results have been saved to experiments/output/v2/results.csv

Experiment completed successfully.
--- Summary ---
Accuracy: 0.7940
Geometric Mean Perplexity (Good): 1396.3516
Geometric Mean Perplexity (Bad): 1924.0734
`loss_type=None` was set in the config but it is unrecognised.Using the default loss: `ForCausalLMLoss`.
Using device: cuda
--- Evaluation Setup ---
Model: reverse_partial
Checkpoint: checkpoint-3000
Results CSV: experiments/output/v2/results.csv
Dataset: data_generation/outputs/impossible_blimp/v2/wh_questions_subject_gap_long_distance_20250623_165615%reverse_partial.jsonl
Phenomenon: wh_questions_subject_gap_long_distance
Language: reverse_partial
Timestamp: 20250623_165615
------------------------
Starting evaluation...
Paired evaluation results saved to experiments/output/v2/raw/reverse_partial_checkpoint-3000_wh_questions_subject_gap_long_distance_20250623_165615_reverse_partial_20250623_165615.csv
Evaluation finished. Processed 1000 sentence pairs.
Results have been saved to experiments/output/v2/results.csv

Experiment completed successfully.
--- Summary ---
Accuracy: 0.7950
Geometric Mean Perplexity (Good): 602.0395
Geometric Mean Perplexity (Bad): 806.4605
`loss_type=None` was set in the config but it is unrecognised.Using the default loss: `ForCausalLMLoss`.
Using device: cuda
--- Evaluation Setup ---
Model: reverse_full
Checkpoint: checkpoint-3000
Results CSV: experiments/output/v2/results.csv
Dataset: data_generation/outputs/impossible_blimp/v2/wh_questions_subject_gap_long_distance_20250623_165615%reverse_full.jsonl
Phenomenon: wh_questions_subject_gap_long_distance
Language: reverse_full
Timestamp: 20250623_165615
------------------------
Starting evaluation...
Paired evaluation results saved to experiments/output/v2/raw/reverse_full_checkpoint-3000_wh_questions_subject_gap_long_distance_20250623_165615_reverse_full_20250623_165615.csv
Evaluation finished. Processed 1000 sentence pairs.
Results have been saved to experiments/output/v2/results.csv

Experiment completed successfully.
--- Summary ---
Accuracy: 0.8500
Geometric Mean Perplexity (Good): 988.9750
Geometric Mean Perplexity (Bad): 1321.2292
[tc-exp 85c29b0] batch run experiment -wh_questions_subject_gap_long_distance_20250623_165615
 Committer: Ram Sinthalapadi <s2750316@landonia19.inf.ed.ac.uk>
Your name and e-mail address were configured automatically based
on your username and hostname. Please check that they are accurate.
You can suppress this message by setting them explicitly. Run the
following command and follow the instructions in your editor to edit
your configuration file:

    git config --global --edit

After doing this, you may fix the identity used for this commit with:

    git commit --amend --reset-author

 2 files changed, 239 insertions(+)
To github.com:ramjanarthan/impossible-languages.git
   4425909..85c29b0  tc-exp -> tc-exp
