is_projective,total_dependency_distance,normalized_dependency_distance,same_word_token_distances,crossing_dependencies_count,num_tokens,average_dependency_distance,sentence,perturbation
True,28,2.0,"[1, 1]",0,14,2.0,There wasn't a painting of a lot of dishes impressing Grace.,english
True,28,2.0,"[1, 1]",0,14,2.0,There wasn't a painting of a lot of dishes impressing Grace.,reverse_full
False,37,2.642857142857143,"[1, 1]",1,14,2.642857142857143,There wasn't a painting of a lot of dishes impressing Grace.,partial_reverse
False,36,2.5714285714285716,"[2, 2]",3,14,2.5714285714285716,There wasn't a painting of a lot of dishes impressing Grace.,shuffle_local3
False,42,3.0,"[4, 1]",7,14,3.0,There wasn't a painting of a lot of dishes impressing Grace.,shuffle_local5
False,49,3.5,"[7, 1]",12,14,3.5,There wasn't a painting of a lot of dishes impressing Grace.,shuffle_local10
False,54,3.857142857142857,"[1, 9]",18,14,3.857142857142857,There wasn't a painting of a lot of dishes impressing Grace.,shuffle_deterministic21
False,67,4.785714285714286,"[12, 1]",9,14,4.785714285714286,There wasn't a painting of a lot of dishes impressing Grace.,shuffle_nondeterministic
False,72,5.142857142857143,"[6, 7]",42,14,5.142857142857143,There wasn't a painting of a lot of dishes impressing Grace.,shuffle_even_odd
True,8,1.3333333333333333,[1],0,6,1.3333333333333333,Suzanne has fought herself.,english
True,8,1.3333333333333333,[1],0,6,1.3333333333333333,Suzanne has fought herself.,reverse_full
True,9,1.5,[1],0,6,1.5,Suzanne has fought herself.,partial_reverse
True,8,1.3333333333333333,[1],0,6,1.3333333333333333,Suzanne has fought herself.,shuffle_local3
True,10,1.6666666666666667,[1],0,6,1.6666666666666667,Suzanne has fought herself.,shuffle_local5
False,15,2.5,[2],1,6,2.5,Suzanne has fought herself.,shuffle_local10
True,8,1.3333333333333333,[1],0,6,1.3333333333333333,Suzanne has fought herself.,shuffle_deterministic21
False,15,2.5,[2],1,6,2.5,Suzanne has fought herself.,shuffle_nondeterministic
False,13,2.1666666666666665,[3],2,6,2.1666666666666665,Suzanne has fought herself.,shuffle_even_odd
False,13,1.625,[1],1,8,1.625,Whose books will Lisa talk about?,english
False,13,1.625,[1],1,8,1.625,Whose books will Lisa talk about?,reverse_full
False,18,2.25,[1],1,8,2.25,Whose books will Lisa talk about?,partial_reverse
False,18,2.25,[1],1,8,2.25,Whose books will Lisa talk about?,shuffle_local3
False,22,2.75,[1],2,8,2.75,Whose books will Lisa talk about?,shuffle_local5
False,16,2.0,[1],4,8,2.0,Whose books will Lisa talk about?,shuffle_local10
False,28,3.5,[2],7,8,3.5,Whose books will Lisa talk about?,shuffle_deterministic21
False,16,2.0,[1],4,8,2.0,Whose books will Lisa talk about?,shuffle_nondeterministic
False,16,2.0,[4],3,8,2.0,Whose books will Lisa talk about?,shuffle_even_odd
True,18,2.0,"[1, 2]",0,9,2.0,Samantha is lifting that hard painting.,english
True,18,2.0,"[2, 1]",0,9,2.0,Samantha is lifting that hard painting.,reverse_full
True,21,2.3333333333333335,"[1, 2]",0,9,2.3333333333333335,Samantha is lifting that hard painting.,partial_reverse
False,16,1.7777777777777777,"[2, 1]",1,9,1.7777777777777777,Samantha is lifting that hard painting.,shuffle_local3
False,26,2.888888888888889,"[3, 2]",2,9,2.888888888888889,Samantha is lifting that hard painting.,shuffle_local5
False,28,3.111111111111111,"[1, 2]",4,9,3.111111111111111,Samantha is lifting that hard painting.,shuffle_local10
False,24,2.6666666666666665,"[1, 7]",0,9,2.6666666666666665,Samantha is lifting that hard painting.,shuffle_deterministic21
False,28,3.111111111111111,"[1, 2]",4,9,3.111111111111111,Samantha is lifting that hard painting.,shuffle_nondeterministic
False,26,2.888888888888889,"[1, 5]",5,9,2.888888888888889,Samantha is lifting that hard painting.,shuffle_even_odd
True,41,2.7333333333333334,[1],0,15,2.7333333333333334,Michael does know many actors that Erin hadn't kissed that disgusted many hospitals.,english
True,41,2.7333333333333334,[1],0,15,2.7333333333333334,Michael does know many actors that Erin hadn't kissed that disgusted many hospitals.,reverse_full
False,51,3.4,[1],1,15,3.4,Michael does know many actors that Erin hadn't kissed that disgusted many hospitals.,partial_reverse
True,41,2.7333333333333334,[1],0,15,2.7333333333333334,Michael does know many actors that Erin hadn't kissed that disgusted many hospitals.,shuffle_local3
False,47,3.1333333333333333,[4],8,15,3.1333333333333333,Michael does know many actors that Erin hadn't kissed that disgusted many hospitals.,shuffle_local5
False,49,3.2666666666666666,[3],16,15,3.2666666666666666,Michael does know many actors that Erin hadn't kissed that disgusted many hospitals.,shuffle_local10
False,82,5.466666666666667,[2],18,15,5.466666666666667,Michael does know many actors that Erin hadn't kissed that disgusted many hospitals.,shuffle_deterministic21
False,63,4.2,[2],17,15,4.2,Michael does know many actors that Erin hadn't kissed that disgusted many hospitals.,shuffle_nondeterministic
False,70,4.666666666666667,[7],25,15,4.666666666666667,Michael does know many actors that Erin hadn't kissed that disgusted many hospitals.,shuffle_even_odd
True,13,1.8571428571428572,[1],0,7,1.8571428571428572,Chad praised this important book.,english
True,13,1.8571428571428572,[1],0,7,1.8571428571428572,Chad praised this important book.,reverse_full
True,17,2.4285714285714284,[1],0,7,2.4285714285714284,Chad praised this important book.,partial_reverse
False,13,1.8571428571428572,[2],2,7,1.8571428571428572,Chad praised this important book.,shuffle_local3
False,19,2.7142857142857144,[2],2,7,2.7142857142857144,Chad praised this important book.,shuffle_local5
False,21,3.0,[6],2,7,3.0,Chad praised this important book.,shuffle_local10
False,15,2.142857142857143,[2],1,7,2.142857142857143,Chad praised this important book.,shuffle_deterministic21
False,21,3.0,[6],2,7,3.0,Chad praised this important book.,shuffle_nondeterministic
False,17,2.4285714285714284,[4],3,7,2.4285714285714284,Chad praised this important book.,shuffle_even_odd
True,17,2.125,[],0,8,2.125,Many customers criticize these blue high schools.,english
True,17,2.125,[],0,8,2.125,Many customers criticize these blue high schools.,reverse_full
True,22,2.75,[],0,8,2.75,Many customers criticize these blue high schools.,partial_reverse
False,20,2.5,[],3,8,2.5,Many customers criticize these blue high schools.,shuffle_local3
False,28,3.5,[],3,8,3.5,Many customers criticize these blue high schools.,shuffle_local5
False,31,3.875,[],6,8,3.875,Many customers criticize these blue high schools.,shuffle_local10
False,17,2.125,[],3,8,2.125,Many customers criticize these blue high schools.,shuffle_deterministic21
False,31,3.875,[],6,8,3.875,Many customers criticize these blue high schools.,shuffle_nondeterministic
False,21,2.625,[],5,8,2.625,Many customers criticize these blue high schools.,shuffle_even_odd
True,62,3.263157894736842,"[1, 1, 1, 1]",0,19,3.263157894736842,William isn't researching all organizations that Kirsten hasn't irritated that couldn't confuse all pedestrians.,english
True,62,3.263157894736842,"[1, 1, 1, 1]",0,19,3.263157894736842,William isn't researching all organizations that Kirsten hasn't irritated that couldn't confuse all pedestrians.,reverse_full
False,46,2.4210526315789473,"[1, 1, 1, 1]",2,19,2.4210526315789473,William isn't researching all organizations that Kirsten hasn't irritated that couldn't confuse all pedestrians.,partial_reverse
False,56,2.9473684210526314,"[1, 1, 2, 1]",3,19,2.9473684210526314,William isn't researching all organizations that Kirsten hasn't irritated that couldn't confuse all pedestrians.,shuffle_local3
False,80,4.2105263157894735,"[3, 4, 4, 2]",24,19,4.2105263157894735,William isn't researching all organizations that Kirsten hasn't irritated that couldn't confuse all pedestrians.,shuffle_local5
False,78,4.105263157894737,"[2, 3, 2, 3]",25,19,4.105263157894737,William isn't researching all organizations that Kirsten hasn't irritated that couldn't confuse all pedestrians.,shuffle_local10
False,112,5.894736842105263,"[9, 4, 11, 7]",37,19,5.894736842105263,William isn't researching all organizations that Kirsten hasn't irritated that couldn't confuse all pedestrians.,shuffle_deterministic21
False,123,6.473684210526316,"[17, 3, 7, 11]",50,19,6.473684210526316,William isn't researching all organizations that Kirsten hasn't irritated that couldn't confuse all pedestrians.,shuffle_nondeterministic
False,107,5.631578947368421,"[9, 9, 9, 9]",40,19,5.631578947368421,William isn't researching all organizations that Kirsten hasn't irritated that couldn't confuse all pedestrians.,shuffle_even_odd
True,20,2.0,"[1, 1]",0,10,2.0,That government that disgusts Mitchell dislikes itself.,english
True,20,2.0,"[1, 1]",0,10,2.0,That government that disgusts Mitchell dislikes itself.,reverse_full
False,26,2.6,"[1, 1]",1,10,2.6,That government that disgusts Mitchell dislikes itself.,partial_reverse
False,32,3.2,"[2, 2]",4,10,3.2,That government that disgusts Mitchell dislikes itself.,shuffle_local3
False,28,2.8,"[4, 1]",3,10,2.8,That government that disgusts Mitchell dislikes itself.,shuffle_local5
False,36,3.6,"[2, 7]",7,10,3.6,That government that disgusts Mitchell dislikes itself.,shuffle_local10
False,33,3.3,"[5, 1]",1,10,3.3,That government that disgusts Mitchell dislikes itself.,shuffle_deterministic21
False,36,3.6,"[2, 7]",7,10,3.6,That government that disgusts Mitchell dislikes itself.,shuffle_nondeterministic
False,32,3.2,"[4, 5]",14,10,3.2,That government that disgusts Mitchell dislikes itself.,shuffle_even_odd
True,11,1.5714285714285714,"[1, 1]",0,7,1.5714285714285714,Waitresses can't hinder themselves.,english
True,11,1.5714285714285714,"[1, 1]",0,7,1.5714285714285714,Waitresses can't hinder themselves.,reverse_full
True,11,1.5714285714285714,"[1, 1]",0,7,1.5714285714285714,Waitresses can't hinder themselves.,partial_reverse
False,17,2.4285714285714284,"[1, 4]",2,7,2.4285714285714284,Waitresses can't hinder themselves.,shuffle_local3
False,20,2.857142857142857,"[2, 2]",3,7,2.857142857142857,Waitresses can't hinder themselves.,shuffle_local5
False,11,1.5714285714285714,"[3, 1]",2,7,1.5714285714285714,Waitresses can't hinder themselves.,shuffle_local10
False,16,2.2857142857142856,"[2, 2]",4,7,2.2857142857142856,Waitresses can't hinder themselves.,shuffle_deterministic21
False,11,1.5714285714285714,"[3, 1]",2,7,1.5714285714285714,Waitresses can't hinder themselves.,shuffle_nondeterministic
False,16,2.2857142857142856,"[4, 4]",4,7,2.2857142857142856,Waitresses can't hinder themselves.,shuffle_even_odd
True,18,1.6363636363636365,[1],0,11,1.6363636363636365,The skinny guys next to the skateboard hated themselves.,english
True,18,1.6363636363636365,[1],0,11,1.6363636363636365,The skinny guys next to the skateboard hated themselves.,reverse_full
False,22,2.0,[1],0,11,2.0,The skinny guys next to the skateboard hated themselves.,partial_reverse
False,32,2.909090909090909,[1],8,11,2.909090909090909,The skinny guys next to the skateboard hated themselves.,shuffle_local3
False,28,2.5454545454545454,[2],8,11,2.5454545454545454,The skinny guys next to the skateboard hated themselves.,shuffle_local5
False,31,2.8181818181818183,[3],6,11,2.8181818181818183,The skinny guys next to the skateboard hated themselves.,shuffle_local10
False,46,4.181818181818182,[4],14,11,4.181818181818182,The skinny guys next to the skateboard hated themselves.,shuffle_deterministic21
False,42,3.8181818181818183,[6],13,11,3.8181818181818183,The skinny guys next to the skateboard hated themselves.,shuffle_nondeterministic
False,39,3.5454545454545454,[6],15,11,3.5454545454545454,The skinny guys next to the skateboard hated themselves.,shuffle_even_odd
True,20,2.0,"[1, 1, 1]",0,10,2.0,Amelia won't hire these popular cashiers.,english
True,20,2.0,"[1, 1, 1]",0,10,2.0,Amelia won't hire these popular cashiers.,reverse_full
False,34,3.4,"[1, 1, 7]",1,10,3.4,Amelia won't hire these popular cashiers.,partial_reverse
False,19,1.9,"[1, 2, 2]",3,10,1.9,Amelia won't hire these popular cashiers.,shuffle_local3
False,25,2.5,"[4, 1, 1]",3,10,2.5,Amelia won't hire these popular cashiers.,shuffle_local5
False,37,3.7,"[8, 6, 2]",9,10,3.7,Amelia won't hire these popular cashiers.,shuffle_local10
False,23,2.3,"[1, 2, 2]",1,10,2.3,Amelia won't hire these popular cashiers.,shuffle_deterministic21
False,37,3.7,"[8, 6, 2]",9,10,3.7,Amelia won't hire these popular cashiers.,shuffle_nondeterministic
False,36,3.6,"[4, 5, 5]",10,10,3.6,Amelia won't hire these popular cashiers.,shuffle_even_odd
True,27,2.7,[1],0,10,2.7,Eric notices every sketch that Sheila hasn't researched.,english
True,27,2.7,[1],0,10,2.7,Eric notices every sketch that Sheila hasn't researched.,reverse_full
False,33,3.3,[1],1,10,3.3,Eric notices every sketch that Sheila hasn't researched.,partial_reverse
False,32,3.2,[2],8,10,3.2,Eric notices every sketch that Sheila hasn't researched.,shuffle_local3
False,29,2.9,[1],3,10,2.9,Eric notices every sketch that Sheila hasn't researched.,shuffle_local5
False,39,3.9,[7],11,10,3.9,Eric notices every sketch that Sheila hasn't researched.,shuffle_local10
False,28,2.8,[1],1,10,2.8,Eric notices every sketch that Sheila hasn't researched.,shuffle_deterministic21
False,39,3.9,[7],11,10,3.9,Eric notices every sketch that Sheila hasn't researched.,shuffle_nondeterministic
False,28,2.8,[5],11,10,2.8,Eric notices every sketch that Sheila hasn't researched.,shuffle_even_odd
True,32,2.4615384615384617,"[1, 2]",0,13,2.4615384615384617,People notice adults that some synopses that should move reference.,english
True,32,2.4615384615384617,"[2, 1]",0,13,2.4615384615384617,People notice adults that some synopses that should move reference.,reverse_full
False,36,2.769230769230769,"[2, 1]",1,13,2.769230769230769,People notice adults that some synopses that should move reference.,partial_reverse
False,40,3.076923076923077,"[4, 5]",2,13,3.076923076923077,People notice adults that some synopses that should move reference.,shuffle_local3
False,38,2.923076923076923,"[1, 3]",7,13,2.923076923076923,People notice adults that some synopses that should move reference.,shuffle_local5
False,49,3.769230769230769,"[2, 3]",13,13,3.769230769230769,People notice adults that some synopses that should move reference.,shuffle_local10
False,53,4.076923076923077,"[4, 1]",14,13,4.076923076923077,People notice adults that some synopses that should move reference.,shuffle_deterministic21
False,44,3.3846153846153846,"[2, 3]",10,13,3.3846153846153846,People notice adults that some synopses that should move reference.,shuffle_nondeterministic
False,49,3.769230769230769,"[6, 1]",14,13,3.769230769230769,People notice adults that some synopses that should move reference.,shuffle_even_odd
True,14,1.75,[],0,8,1.75,There are few boxes annoying the dancer.,english
True,14,1.75,[],0,8,1.75,There are few boxes annoying the dancer.,reverse_full
True,12,1.5,[],0,8,1.5,There are few boxes annoying the dancer.,partial_reverse
False,17,2.125,[],3,8,2.125,There are few boxes annoying the dancer.,shuffle_local3
False,17,2.125,[],3,8,2.125,There are few boxes annoying the dancer.,shuffle_local5
False,23,2.875,[],3,8,2.875,There are few boxes annoying the dancer.,shuffle_local10
False,18,2.25,[],9,8,2.25,There are few boxes annoying the dancer.,shuffle_deterministic21
False,23,2.875,[],3,8,2.875,There are few boxes annoying the dancer.,shuffle_nondeterministic
False,19,2.375,[],8,8,2.375,There are few boxes annoying the dancer.,shuffle_even_odd
True,8,1.1428571428571428,[],0,7,1.1428571428571428,What bank was Martin returning to?,english
True,8,1.1428571428571428,[],0,7,1.1428571428571428,What bank was Martin returning to?,reverse_full
False,12,1.7142857142857142,[],0,7,1.7142857142857142,What bank was Martin returning to?,partial_reverse
False,11,1.5714285714285714,[],1,7,1.5714285714285714,What bank was Martin returning to?,shuffle_local3
False,16,2.2857142857142856,[],5,7,2.2857142857142856,What bank was Martin returning to?,shuffle_local5
False,16,2.2857142857142856,[],3,7,2.2857142857142856,What bank was Martin returning to?,shuffle_local10
False,20,2.857142857142857,[],7,7,2.857142857142857,What bank was Martin returning to?,shuffle_deterministic21
False,16,2.2857142857142856,[],3,7,2.2857142857142856,What bank was Martin returning to?,shuffle_nondeterministic
False,16,2.2857142857142856,[],4,7,2.2857142857142856,What bank was Martin returning to?,shuffle_even_odd
True,33,2.357142857142857,"[1, 1]",0,14,2.357142857142857,Craig might notice every cashier that wasn't climbing down these slopes.,english
True,33,2.357142857142857,"[1, 1]",0,14,2.357142857142857,Craig might notice every cashier that wasn't climbing down these slopes.,reverse_full
False,42,3.0,"[1, 1]",1,14,3.0,Craig might notice every cashier that wasn't climbing down these slopes.,partial_reverse
False,40,2.857142857142857,"[2, 2]",6,14,2.857142857142857,Craig might notice every cashier that wasn't climbing down these slopes.,shuffle_local3
False,37,2.642857142857143,"[2, 2]",12,14,2.642857142857143,Craig might notice every cashier that wasn't climbing down these slopes.,shuffle_local5
False,44,3.142857142857143,"[5, 1]",12,14,3.142857142857143,Craig might notice every cashier that wasn't climbing down these slopes.,shuffle_local10
False,58,4.142857142857143,"[2, 3]",14,14,4.142857142857143,Craig might notice every cashier that wasn't climbing down these slopes.,shuffle_deterministic21
False,65,4.642857142857143,"[2, 2]",14,14,4.642857142857143,Craig might notice every cashier that wasn't climbing down these slopes.,shuffle_nondeterministic
False,70,5.0,"[6, 7]",20,14,5.0,Craig might notice every cashier that wasn't climbing down these slopes.,shuffle_even_odd
True,10,1.4285714285714286,[1],0,7,1.4285714285714286,The worn dress wasn't damp.,english
True,10,1.4285714285714286,[1],0,7,1.4285714285714286,The worn dress wasn't damp.,reverse_full
False,18,2.5714285714285716,[1],0,7,2.5714285714285716,The worn dress wasn't damp.,partial_reverse
True,10,1.4285714285714286,[2],0,7,1.4285714285714286,The worn dress wasn't damp.,shuffle_local3
True,11,1.5714285714285714,[4],0,7,1.5714285714285714,The worn dress wasn't damp.,shuffle_local5
False,15,2.142857142857143,[4],2,7,2.142857142857143,The worn dress wasn't damp.,shuffle_local10
False,17,2.4285714285714284,[3],1,7,2.4285714285714284,The worn dress wasn't damp.,shuffle_deterministic21
False,15,2.142857142857143,[4],2,7,2.142857142857143,The worn dress wasn't damp.,shuffle_nondeterministic
False,14,2.0,[3],2,7,2.0,The worn dress wasn't damp.,shuffle_even_odd
True,15,1.6666666666666667,[1],0,9,1.6666666666666667,Some gates aren't sold by some person.,english
True,15,1.6666666666666667,[1],0,9,1.6666666666666667,Some gates aren't sold by some person.,reverse_full
False,26,2.888888888888889,[6],1,9,2.888888888888889,Some gates aren't sold by some person.,partial_reverse
False,20,2.2222222222222223,[2],6,9,2.2222222222222223,Some gates aren't sold by some person.,shuffle_local3
False,17,1.8888888888888888,[3],4,9,1.8888888888888888,Some gates aren't sold by some person.,shuffle_local5
False,31,3.4444444444444446,[8],9,9,3.4444444444444446,Some gates aren't sold by some person.,shuffle_local10
False,20,2.2222222222222223,[2],1,9,2.2222222222222223,Some gates aren't sold by some person.,shuffle_deterministic21
False,31,3.4444444444444446,[8],9,9,3.4444444444444446,Some gates aren't sold by some person.,shuffle_nondeterministic
False,27,3.0,[5],8,9,3.0,Some gates aren't sold by some person.,shuffle_even_odd
True,10,1.4285714285714286,[1],0,7,1.4285714285714286,The worn skirt isn't rough.,english
True,10,1.4285714285714286,[1],0,7,1.4285714285714286,The worn skirt isn't rough.,reverse_full
False,18,2.5714285714285716,[1],0,7,2.5714285714285716,The worn skirt isn't rough.,partial_reverse
True,10,1.4285714285714286,[1],0,7,1.4285714285714286,The worn skirt isn't rough.,shuffle_local3
True,11,1.5714285714285714,[1],0,7,1.5714285714285714,The worn skirt isn't rough.,shuffle_local5
True,14,2.0,[5],0,7,2.0,The worn skirt isn't rough.,shuffle_local10
False,17,2.4285714285714284,[3],1,7,2.4285714285714284,The worn skirt isn't rough.,shuffle_deterministic21
True,14,2.0,[5],0,7,2.0,The worn skirt isn't rough.,shuffle_nondeterministic
False,14,2.0,[3],2,7,2.0,The worn skirt isn't rough.,shuffle_even_odd
True,7,1.1666666666666667,[],0,6,1.1666666666666667,The hidden gloves were lost.,english
True,7,1.1666666666666667,[],0,6,1.1666666666666667,The hidden gloves were lost.,reverse_full
False,13,2.1666666666666665,[],0,6,2.1666666666666665,The hidden gloves were lost.,partial_reverse
True,7,1.1666666666666667,[],0,6,1.1666666666666667,The hidden gloves were lost.,shuffle_local3
False,13,2.1666666666666665,[],2,6,2.1666666666666665,The hidden gloves were lost.,shuffle_local5
False,17,2.8333333333333335,[],2,6,2.8333333333333335,The hidden gloves were lost.,shuffle_local10
False,15,2.5,[],0,6,2.5,The hidden gloves were lost.,shuffle_deterministic21
False,17,2.8333333333333335,[],2,6,2.8333333333333335,The hidden gloves were lost.,shuffle_nondeterministic
False,9,1.5,[],2,6,1.5,The hidden gloves were lost.,shuffle_even_odd
True,23,2.3,"[1, 1]",0,10,2.3,Deborah couldn't remember this concealed high school.,english
True,23,2.3,"[1, 1]",0,10,2.3,Deborah couldn't remember this concealed high school.,reverse_full
False,37,3.7,"[1, 7]",1,10,3.7,Deborah couldn't remember this concealed high school.,partial_reverse
False,23,2.3,"[1, 2]",3,10,2.3,Deborah couldn't remember this concealed high school.,shuffle_local3
False,21,2.1,"[1, 2]",4,10,2.1,Deborah couldn't remember this concealed high school.,shuffle_local5
False,27,2.7,"[1, 2]",1,10,2.7,Deborah couldn't remember this concealed high school.,shuffle_local10
False,27,2.7,"[1, 2]",1,10,2.7,Deborah couldn't remember this concealed high school.,shuffle_deterministic21
False,27,2.7,"[1, 2]",1,10,2.7,Deborah couldn't remember this concealed high school.,shuffle_nondeterministic
False,30,3.0,"[5, 5]",8,10,3.0,Deborah couldn't remember this concealed high school.,shuffle_even_odd
True,10,1.4285714285714286,[1],0,7,1.4285714285714286,Whose stimuli should Benjamin buy?,english
True,10,1.4285714285714286,[1],0,7,1.4285714285714286,Whose stimuli should Benjamin buy?,reverse_full
False,14,2.0,[1],0,7,2.0,Whose stimuli should Benjamin buy?,partial_reverse
False,10,1.4285714285714286,[2],1,7,1.4285714285714286,Whose stimuli should Benjamin buy?,shuffle_local3
False,14,2.0,[3],3,7,2.0,Whose stimuli should Benjamin buy?,shuffle_local5
False,14,2.0,[4],5,7,2.0,Whose stimuli should Benjamin buy?,shuffle_local10
False,16,2.2857142857142856,[2],1,7,2.2857142857142856,Whose stimuli should Benjamin buy?,shuffle_deterministic21
False,14,2.0,[4],5,7,2.0,Whose stimuli should Benjamin buy?,shuffle_nondeterministic
False,18,2.5714285714285716,[4],3,7,2.5714285714285716,Whose stimuli should Benjamin buy?,shuffle_even_odd
False,49,3.5,[1],1,14,3.5,Edward remembered the patients that many patients that aren't studying complain about.,english
False,49,3.5,[1],1,14,3.5,Edward remembered the patients that many patients that aren't studying complain about.,reverse_full
False,35,2.5,[1],2,14,2.5,Edward remembered the patients that many patients that aren't studying complain about.,partial_reverse
False,58,4.142857142857143,[5],20,14,4.142857142857143,Edward remembered the patients that many patients that aren't studying complain about.,shuffle_local3
False,57,4.071428571428571,[1],15,14,4.071428571428571,Edward remembered the patients that many patients that aren't studying complain about.,shuffle_local5
False,73,5.214285714285714,[2],14,14,5.214285714285714,Edward remembered the patients that many patients that aren't studying complain about.,shuffle_local10
False,57,4.071428571428571,[1],14,14,4.071428571428571,Edward remembered the patients that many patients that aren't studying complain about.,shuffle_deterministic21
False,72,5.142857142857143,[5],14,14,5.142857142857143,Edward remembered the patients that many patients that aren't studying complain about.,shuffle_nondeterministic
False,65,4.642857142857143,[7],30,14,4.642857142857143,Edward remembered the patients that many patients that aren't studying complain about.,shuffle_even_odd
False,67,3.526315789473684,"[1, 1, 1, 1]",1,19,3.526315789473684,Janice wasn't investigating every offspring that some woman that can't telephone can't work with.,english
False,67,3.526315789473684,"[1, 1, 1, 1]",1,19,3.526315789473684,Janice wasn't investigating every offspring that some woman that can't telephone can't work with.,reverse_full
False,79,4.157894736842105,"[1, 1, 1, 1]",2,19,4.157894736842105,Janice wasn't investigating every offspring that some woman that can't telephone can't work with.,partial_reverse
False,75,3.9473684210526314,"[2, 4, 4, 4]",22,19,3.9473684210526314,Janice wasn't investigating every offspring that some woman that can't telephone can't work with.,shuffle_local3
False,73,3.8421052631578947,"[1, 2, 1, 5]",19,19,3.8421052631578947,Janice wasn't investigating every offspring that some woman that can't telephone can't work with.,shuffle_local5
False,79,4.157894736842105,"[1, 5, 5, 1]",16,19,4.157894736842105,Janice wasn't investigating every offspring that some woman that can't telephone can't work with.,shuffle_local10
False,118,6.2105263157894735,"[4, 5, 8, 1]",36,19,6.2105263157894735,Janice wasn't investigating every offspring that some woman that can't telephone can't work with.,shuffle_deterministic21
False,97,5.105263157894737,"[2, 5, 4, 16]",25,19,5.105263157894737,Janice wasn't investigating every offspring that some woman that can't telephone can't work with.,shuffle_nondeterministic
False,110,5.7894736842105265,"[9, 10, 10, 10]",48,19,5.7894736842105265,Janice wasn't investigating every offspring that some woman that can't telephone can't work with.,shuffle_even_odd
True,32,2.2857142857142856,[1],0,14,2.2857142857142856,The out in the open Alice next to the ladder astounded herself.,english
True,32,2.2857142857142856,[1],0,14,2.2857142857142856,The out in the open Alice next to the ladder astounded herself.,reverse_full
False,48,3.4285714285714284,[1],4,14,3.4285714285714284,The out in the open Alice next to the ladder astounded herself.,partial_reverse
False,44,3.142857142857143,[1],10,14,3.142857142857143,The out in the open Alice next to the ladder astounded herself.,shuffle_local3
False,51,3.642857142857143,[3],11,14,3.642857142857143,The out in the open Alice next to the ladder astounded herself.,shuffle_local5
False,40,2.857142857142857,[3],10,14,2.857142857142857,The out in the open Alice next to the ladder astounded herself.,shuffle_local10
False,44,3.142857142857143,[1],12,14,3.142857142857143,The out in the open Alice next to the ladder astounded herself.,shuffle_deterministic21
False,63,4.5,[3],14,14,4.5,The out in the open Alice next to the ladder astounded herself.,shuffle_nondeterministic
False,66,4.714285714285714,[7],27,14,4.714285714285714,The out in the open Alice next to the ladder astounded herself.,shuffle_even_odd
False,24,2.1818181818181817,[1],1,11,2.1818181818181817,All cashiers investigate patients that Chad was returning to.,english
False,24,2.1818181818181817,[1],1,11,2.1818181818181817,All cashiers investigate patients that Chad was returning to.,reverse_full
False,31,2.8181818181818183,[1],1,11,2.8181818181818183,All cashiers investigate patients that Chad was returning to.,partial_reverse
False,27,2.4545454545454546,[1],4,11,2.4545454545454546,All cashiers investigate patients that Chad was returning to.,shuffle_local3
False,30,2.727272727272727,[1],3,11,2.727272727272727,All cashiers investigate patients that Chad was returning to.,shuffle_local5
False,32,2.909090909090909,[8],8,11,2.909090909090909,All cashiers investigate patients that Chad was returning to.,shuffle_local10
False,36,3.272727272727273,[8],6,11,3.272727272727273,All cashiers investigate patients that Chad was returning to.,shuffle_deterministic21
False,47,4.2727272727272725,[8],14,11,4.2727272727272725,All cashiers investigate patients that Chad was returning to.,shuffle_nondeterministic
False,35,3.1818181818181817,[5],11,11,3.1818181818181817,All cashiers investigate patients that Chad was returning to.,shuffle_even_odd
True,44,2.588235294117647,[1],0,17,2.588235294117647,Julia had thought about most doors that most patients lifted that had impressed some government.,english
True,44,2.588235294117647,[1],0,17,2.588235294117647,Julia had thought about most doors that most patients lifted that had impressed some government.,reverse_full
False,42,2.4705882352941178,[1],1,17,2.4705882352941178,Julia had thought about most doors that most patients lifted that had impressed some government.,partial_reverse
False,54,3.176470588235294,[2],9,17,3.176470588235294,Julia had thought about most doors that most patients lifted that had impressed some government.,shuffle_local3
False,48,2.823529411764706,[1],3,17,2.823529411764706,Julia had thought about most doors that most patients lifted that had impressed some government.,shuffle_local5
False,57,3.3529411764705883,[1],16,17,3.3529411764705883,Julia had thought about most doors that most patients lifted that had impressed some government.,shuffle_local10
False,114,6.705882352941177,[2],34,17,6.705882352941177,Julia had thought about most doors that most patients lifted that had impressed some government.,shuffle_deterministic21
False,99,5.823529411764706,[2],34,17,5.823529411764706,Julia had thought about most doors that most patients lifted that had impressed some government.,shuffle_nondeterministic
False,105,6.176470588235294,[9],45,17,6.176470588235294,Julia had thought about most doors that most patients lifted that had impressed some government.,shuffle_even_odd
True,10,1.4285714285714286,[1],0,7,1.4285714285714286,The taken turtles weren't black.,english
True,10,1.4285714285714286,[1],0,7,1.4285714285714286,The taken turtles weren't black.,reverse_full
False,18,2.5714285714285716,[1],0,7,2.5714285714285716,The taken turtles weren't black.,partial_reverse
True,10,1.4285714285714286,[2],0,7,1.4285714285714286,The taken turtles weren't black.,shuffle_local3
False,16,2.2857142857142856,[2],4,7,2.2857142857142856,The taken turtles weren't black.,shuffle_local5
False,13,1.8571428571428572,[1],3,7,1.8571428571428572,The taken turtles weren't black.,shuffle_local10
False,17,2.4285714285714284,[3],1,7,2.4285714285714284,The taken turtles weren't black.,shuffle_deterministic21
False,13,1.8571428571428572,[1],3,7,1.8571428571428572,The taken turtles weren't black.,shuffle_nondeterministic
False,14,2.0,[3],2,7,2.0,The taken turtles weren't black.,shuffle_even_odd
True,10,1.4285714285714286,[],0,7,1.4285714285714286,The forgotten French teacher is false.,english
True,10,1.4285714285714286,[],0,7,1.4285714285714286,The forgotten French teacher is false.,reverse_full
False,14,2.0,[],0,7,2.0,The forgotten French teacher is false.,partial_reverse
False,13,1.8571428571428572,[],3,7,1.8571428571428572,The forgotten French teacher is false.,shuffle_local3
False,19,2.7142857142857144,[],6,7,2.7142857142857144,The forgotten French teacher is false.,shuffle_local5
False,17,2.4285714285714284,[],2,7,2.4285714285714284,The forgotten French teacher is false.,shuffle_local10
False,17,2.4285714285714284,[],3,7,2.4285714285714284,The forgotten French teacher is false.,shuffle_deterministic21
False,17,2.4285714285714284,[],2,7,2.4285714285714284,The forgotten French teacher is false.,shuffle_nondeterministic
False,18,2.5714285714285716,[],2,7,2.5714285714285716,The forgotten French teacher is false.,shuffle_even_odd
True,15,1.875,[1],0,8,1.875,Teenagers escape from those yellow libraries.,english
True,15,1.875,[1],0,8,1.875,Teenagers escape from those yellow libraries.,reverse_full
True,20,2.5,[1],0,8,2.5,Teenagers escape from those yellow libraries.,partial_reverse
False,17,2.125,[1],3,8,2.125,Teenagers escape from those yellow libraries.,shuffle_local3
False,17,2.125,[1],4,8,2.125,Teenagers escape from those yellow libraries.,shuffle_local5
False,20,2.5,[2],7,8,2.5,Teenagers escape from those yellow libraries.,shuffle_local10
False,18,2.25,[2],2,8,2.25,Teenagers escape from those yellow libraries.,shuffle_deterministic21
False,20,2.5,[2],7,8,2.5,Teenagers escape from those yellow libraries.,shuffle_nondeterministic
False,21,2.625,[4],5,8,2.625,Teenagers escape from those yellow libraries.,shuffle_even_odd
True,64,2.909090909090909,[1],0,22,2.909090909090909,Aaron has cured a few out in the open dermatologists and Marcus's ex-girlfriend has cured a lot.,english
True,64,2.909090909090909,[1],0,22,2.909090909090909,Aaron has cured a few out in the open dermatologists and Marcus's ex-girlfriend has cured a lot.,reverse_full
True,75,3.409090909090909,[1],0,22,3.409090909090909,Aaron has cured a few out in the open dermatologists and Marcus's ex-girlfriend has cured a lot.,partial_reverse
False,70,3.1818181818181817,[1],7,22,3.1818181818181817,Aaron has cured a few out in the open dermatologists and Marcus's ex-girlfriend has cured a lot.,shuffle_local3
False,88,4.0,[7],12,22,4.0,Aaron has cured a few out in the open dermatologists and Marcus's ex-girlfriend has cured a lot.,shuffle_local5
False,109,4.954545454545454,[16],25,22,4.954545454545454,Aaron has cured a few out in the open dermatologists and Marcus's ex-girlfriend has cured a lot.,shuffle_local10
False,211,9.590909090909092,[5],78,22,9.590909090909092,Aaron has cured a few out in the open dermatologists and Marcus's ex-girlfriend has cured a lot.,shuffle_deterministic21
False,160,7.2727272727272725,[16],34,22,7.2727272727272725,Aaron has cured a few out in the open dermatologists and Marcus's ex-girlfriend has cured a lot.,shuffle_nondeterministic
False,150,6.818181818181818,[10],57,22,6.818181818181818,Aaron has cured a few out in the open dermatologists and Marcus's ex-girlfriend has cured a lot.,shuffle_even_odd
True,23,1.9166666666666667,"[1, 1]",0,12,1.9166666666666667,A boy that descends some steps doesn't attack himself.,english
True,23,1.9166666666666667,"[1, 1]",0,12,1.9166666666666667,A boy that descends some steps doesn't attack himself.,reverse_full
False,35,2.9166666666666665,"[1, 1]",1,12,2.9166666666666665,A boy that descends some steps doesn't attack himself.,partial_reverse
False,37,3.0833333333333335,"[1, 1]",5,12,3.0833333333333335,A boy that descends some steps doesn't attack himself.,shuffle_local3
False,28,2.3333333333333335,"[1, 3]",3,12,2.3333333333333335,A boy that descends some steps doesn't attack himself.,shuffle_local5
False,50,4.166666666666667,"[5, 6]",19,12,4.166666666666667,A boy that descends some steps doesn't attack himself.,shuffle_local10
False,38,3.1666666666666665,"[1, 6]",13,12,3.1666666666666665,A boy that descends some steps doesn't attack himself.,shuffle_deterministic21
False,52,4.333333333333333,"[4, 9]",14,12,4.333333333333333,A boy that descends some steps doesn't attack himself.,shuffle_nondeterministic
False,43,3.5833333333333335,"[5, 5]",22,12,3.5833333333333335,A boy that descends some steps doesn't attack himself.,shuffle_even_odd
True,4,1.0,[],0,4,1.0,Edward led himself.,english
True,4,1.0,[],0,4,1.0,Edward led himself.,reverse_full
True,6,1.5,[],0,4,1.5,Edward led himself.,partial_reverse
True,4,1.0,[],0,4,1.0,Edward led himself.,shuffle_local3
True,4,1.0,[],0,4,1.0,Edward led himself.,shuffle_local5
True,4,1.0,[],0,4,1.0,Edward led himself.,shuffle_local10
True,4,1.0,[],0,4,1.0,Edward led himself.,shuffle_deterministic21
True,4,1.0,[],0,4,1.0,Edward led himself.,shuffle_nondeterministic
True,4,1.0,[],0,4,1.0,Edward led himself.,shuffle_even_odd
True,36,2.25,"[1, 1]",0,16,2.25,The hair hadn't shocked five bad doctors and some print hadn't shocked four.,english
True,36,2.25,"[1, 1]",0,16,2.25,The hair hadn't shocked five bad doctors and some print hadn't shocked four.,reverse_full
True,40,2.5,"[1, 1]",0,16,2.5,The hair hadn't shocked five bad doctors and some print hadn't shocked four.,partial_reverse
False,46,2.875,"[4, 4]",13,16,2.875,The hair hadn't shocked five bad doctors and some print hadn't shocked four.,shuffle_local3
False,36,2.25,"[3, 1]",5,16,2.25,The hair hadn't shocked five bad doctors and some print hadn't shocked four.,shuffle_local5
False,57,3.5625,"[4, 2]",11,16,3.5625,The hair hadn't shocked five bad doctors and some print hadn't shocked four.,shuffle_local10
False,80,5.0,"[2, 2]",13,16,5.0,The hair hadn't shocked five bad doctors and some print hadn't shocked four.,shuffle_deterministic21
False,91,5.6875,"[5, 6]",29,16,5.6875,The hair hadn't shocked five bad doctors and some print hadn't shocked four.,shuffle_nondeterministic
False,87,5.4375,"[7, 8]",32,16,5.4375,The hair hadn't shocked five bad doctors and some print hadn't shocked four.,shuffle_even_odd
True,7,1.1666666666666667,[],0,6,1.1666666666666667,The known alumni were authentic.,english
True,7,1.1666666666666667,[],0,6,1.1666666666666667,The known alumni were authentic.,reverse_full
False,13,2.1666666666666665,[],0,6,2.1666666666666665,The known alumni were authentic.,partial_reverse
True,11,1.8333333333333333,[],0,6,1.8333333333333333,The known alumni were authentic.,shuffle_local3
True,7,1.1666666666666667,[],0,6,1.1666666666666667,The known alumni were authentic.,shuffle_local5
False,13,2.1666666666666665,[],1,6,2.1666666666666665,The known alumni were authentic.,shuffle_local10
False,13,2.1666666666666665,[],0,6,2.1666666666666665,The known alumni were authentic.,shuffle_deterministic21
False,13,2.1666666666666665,[],1,6,2.1666666666666665,The known alumni were authentic.,shuffle_nondeterministic
False,9,1.5,[],1,6,1.5,The known alumni were authentic.,shuffle_even_odd
True,38,2.7142857142857144,"[1, 1, 2, 1]",0,14,2.7142857142857144,Benjamin had investigated that alumnus that Craig doesn't hug.,english
True,38,2.7142857142857144,"[1, 2, 1, 1]",0,14,2.7142857142857144,Benjamin had investigated that alumnus that Craig doesn't hug.,reverse_full
True,36,2.5714285714285716,"[1, 1, 2, 1]",0,14,2.5714285714285716,Benjamin had investigated that alumnus that Craig doesn't hug.,partial_reverse
False,41,2.9285714285714284,"[1, 1, 2, 1]",4,14,2.9285714285714284,Benjamin had investigated that alumnus that Craig doesn't hug.,shuffle_local3
False,44,3.142857142857143,"[1, 1, 3, 1]",7,14,3.142857142857143,Benjamin had investigated that alumnus that Craig doesn't hug.,shuffle_local5
False,59,4.214285714285714,"[5, 3, 4, 1]",12,14,4.214285714285714,Benjamin had investigated that alumnus that Craig doesn't hug.,shuffle_local10
False,43,3.0714285714285716,"[4, 3, 1, 1]",9,14,3.0714285714285716,Benjamin had investigated that alumnus that Craig doesn't hug.,shuffle_deterministic21
False,58,4.142857142857143,"[1, 3, 6, 9]",18,14,4.142857142857143,Benjamin had investigated that alumnus that Craig doesn't hug.,shuffle_nondeterministic
False,60,4.285714285714286,"[6, 7, 1, 7]",26,14,4.285714285714286,Benjamin had investigated that alumnus that Craig doesn't hug.,shuffle_even_odd
True,32,2.4615384615384617,"[1, 1]",0,13,2.4615384615384617,There wasn't a movie about the Great Lakes aggravating Brett.,english
True,32,2.4615384615384617,"[1, 1]",0,13,2.4615384615384617,There wasn't a movie about the Great Lakes aggravating Brett.,reverse_full
False,40,3.076923076923077,"[1, 1]",1,13,3.076923076923077,There wasn't a movie about the Great Lakes aggravating Brett.,partial_reverse
True,36,2.769230769230769,"[2, 1]",0,13,2.769230769230769,There wasn't a movie about the Great Lakes aggravating Brett.,shuffle_local3
False,47,3.6153846153846154,"[3, 6]",8,13,3.6153846153846154,There wasn't a movie about the Great Lakes aggravating Brett.,shuffle_local5
False,60,4.615384615384615,"[5, 9]",20,13,4.615384615384615,There wasn't a movie about the Great Lakes aggravating Brett.,shuffle_local10
False,59,4.538461538461538,"[8, 8]",27,13,4.538461538461538,There wasn't a movie about the Great Lakes aggravating Brett.,shuffle_deterministic21
False,65,5.0,"[8, 6]",23,13,5.0,There wasn't a movie about the Great Lakes aggravating Brett.,shuffle_nondeterministic
False,60,4.615384615384615,"[6, 6]",22,13,4.615384615384615,There wasn't a movie about the Great Lakes aggravating Brett.,shuffle_even_odd
True,6,1.2,[1],0,5,1.2,Connie bothers herself.,english
True,6,1.2,[1],0,5,1.2,Connie bothers herself.,reverse_full
False,10,2.0,[4],0,5,2.0,Connie bothers herself.,partial_reverse
True,6,1.2,[1],0,5,1.2,Connie bothers herself.,shuffle_local3
True,5,1.0,[1],0,5,1.0,Connie bothers herself.,shuffle_local5
True,5,1.0,[1],0,5,1.0,Connie bothers herself.,shuffle_local10
True,8,1.6,[1],0,5,1.6,Connie bothers herself.,shuffle_deterministic21
True,5,1.0,[1],0,5,1.0,Connie bothers herself.,shuffle_nondeterministic
False,8,1.6,[3],1,5,1.6,Connie bothers herself.,shuffle_even_odd
True,53,3.1176470588235294,[],0,17,3.1176470588235294,All actresses were discovering those pants that some lady that had approached Steve had messed up.,english
True,53,3.1176470588235294,[],0,17,3.1176470588235294,All actresses were discovering those pants that some lady that had approached Steve had messed up.,reverse_full
False,64,3.764705882352941,[],1,17,3.764705882352941,All actresses were discovering those pants that some lady that had approached Steve had messed up.,partial_reverse
False,53,3.1176470588235294,[],1,17,3.1176470588235294,All actresses were discovering those pants that some lady that had approached Steve had messed up.,shuffle_local3
False,59,3.4705882352941178,[],6,17,3.4705882352941178,All actresses were discovering those pants that some lady that had approached Steve had messed up.,shuffle_local5
False,64,3.764705882352941,[],18,17,3.764705882352941,All actresses were discovering those pants that some lady that had approached Steve had messed up.,shuffle_local10
False,87,5.117647058823529,[],35,17,5.117647058823529,All actresses were discovering those pants that some lady that had approached Steve had messed up.,shuffle_deterministic21
False,97,5.705882352941177,[],19,17,5.705882352941177,All actresses were discovering those pants that some lady that had approached Steve had messed up.,shuffle_nondeterministic
False,95,5.588235294117647,[],40,17,5.588235294117647,All actresses were discovering those pants that some lady that had approached Steve had messed up.,shuffle_even_odd
True,7,1.1666666666666667,[],0,6,1.1666666666666667,All men could conceal themselves.,english
True,7,1.1666666666666667,[],0,6,1.1666666666666667,All men could conceal themselves.,reverse_full
True,8,1.3333333333333333,[],0,6,1.3333333333333333,All men could conceal themselves.,partial_reverse
True,9,1.5,[],0,6,1.5,All men could conceal themselves.,shuffle_local3
False,11,1.8333333333333333,[],1,6,1.8333333333333333,All men could conceal themselves.,shuffle_local5
False,14,2.3333333333333335,[],3,6,2.3333333333333335,All men could conceal themselves.,shuffle_local10
True,7,1.1666666666666667,[],0,6,1.1666666666666667,All men could conceal themselves.,shuffle_deterministic21
False,14,2.3333333333333335,[],3,6,2.3333333333333335,All men could conceal themselves.,shuffle_nondeterministic
False,10,1.6666666666666667,[],2,6,1.6666666666666667,All men could conceal themselves.,shuffle_even_odd
True,28,2.5454545454545454,[1],0,11,2.5454545454545454,These actors know the dancer that Lisa wouldn't investigate.,english
True,28,2.5454545454545454,[1],0,11,2.5454545454545454,These actors know the dancer that Lisa wouldn't investigate.,reverse_full
True,26,2.3636363636363638,[1],0,11,2.3636363636363638,These actors know the dancer that Lisa wouldn't investigate.,partial_reverse
True,28,2.5454545454545454,[1],0,11,2.5454545454545454,These actors know the dancer that Lisa wouldn't investigate.,shuffle_local3
True,29,2.6363636363636362,[1],0,11,2.6363636363636362,These actors know the dancer that Lisa wouldn't investigate.,shuffle_local5
False,27,2.4545454545454546,[3],2,11,2.4545454545454546,These actors know the dancer that Lisa wouldn't investigate.,shuffle_local10
False,44,4.0,[1],5,11,4.0,These actors know the dancer that Lisa wouldn't investigate.,shuffle_deterministic21
False,51,4.636363636363637,[9],5,11,4.636363636363637,These actors know the dancer that Lisa wouldn't investigate.,shuffle_nondeterministic
False,44,4.0,[5],15,11,4.0,These actors know the dancer that Lisa wouldn't investigate.,shuffle_even_odd
True,24,2.0,"[1, 1]",0,12,2.0,Brett hasn't seen most pies that confused the waiter.,english
True,24,2.0,"[1, 1]",0,12,2.0,Brett hasn't seen most pies that confused the waiter.,reverse_full
False,44,3.6666666666666665,"[1, 9]",1,12,3.6666666666666665,Brett hasn't seen most pies that confused the waiter.,partial_reverse
False,34,2.8333333333333335,"[1, 5]",9,12,2.8333333333333335,Brett hasn't seen most pies that confused the waiter.,shuffle_local3
False,38,3.1666666666666665,"[1, 1]",4,12,3.1666666666666665,Brett hasn't seen most pies that confused the waiter.,shuffle_local5
False,42,3.5,"[1, 6]",12,12,3.5,Brett hasn't seen most pies that confused the waiter.,shuffle_local10
False,43,3.5833333333333335,"[1, 2]",12,12,3.5833333333333335,Brett hasn't seen most pies that confused the waiter.,shuffle_deterministic21
False,62,5.166666666666667,"[2, 10]",10,12,5.166666666666667,Brett hasn't seen most pies that confused the waiter.,shuffle_nondeterministic
False,42,3.5,"[6, 6]",13,12,3.5,Brett hasn't seen most pies that confused the waiter.,shuffle_even_odd
True,30,2.3076923076923075,"[1, 1, 1]",0,13,2.3076923076923075,Katherine doesn't discover this photograph that hasn't distracted Raymond.,english
True,30,2.3076923076923075,"[1, 1, 1]",0,13,2.3076923076923075,Katherine doesn't discover this photograph that hasn't distracted Raymond.,reverse_full
True,46,3.5384615384615383,"[1, 1, 1]",0,13,3.5384615384615383,Katherine doesn't discover this photograph that hasn't distracted Raymond.,partial_reverse
False,38,2.923076923076923,"[2, 4, 4]",12,13,2.923076923076923,Katherine doesn't discover this photograph that hasn't distracted Raymond.,shuffle_local3
False,48,3.6923076923076925,"[2, 2, 4]",11,13,3.6923076923076925,Katherine doesn't discover this photograph that hasn't distracted Raymond.,shuffle_local5
False,57,4.384615384615385,"[1, 3, 9]",17,13,4.384615384615385,Katherine doesn't discover this photograph that hasn't distracted Raymond.,shuffle_local10
False,51,3.923076923076923,"[1, 3, 2]",8,13,3.923076923076923,Katherine doesn't discover this photograph that hasn't distracted Raymond.,shuffle_deterministic21
False,55,4.230769230769231,"[6, 7, 12]",11,13,4.230769230769231,Katherine doesn't discover this photograph that hasn't distracted Raymond.,shuffle_nondeterministic
False,50,3.8461538461538463,"[7, 7, 7]",19,13,3.8461538461538463,Katherine doesn't discover this photograph that hasn't distracted Raymond.,shuffle_even_odd
True,66,3.6666666666666665,"[1, 2, 1, 1]",0,18,3.6666666666666665,Cynthia has questioned that association that these students that can't marry shouldn't boycott.,english
True,66,3.6666666666666665,"[1, 1, 2, 1]",0,18,3.6666666666666665,Cynthia has questioned that association that these students that can't marry shouldn't boycott.,reverse_full
True,54,3.0,"[1, 2, 1, 1]",0,18,3.0,Cynthia has questioned that association that these students that can't marry shouldn't boycott.,partial_reverse
False,64,3.5555555555555554,"[1, 1, 2, 2]",9,18,3.5555555555555554,Cynthia has questioned that association that these students that can't marry shouldn't boycott.,shuffle_local3
False,76,4.222222222222222,"[2, 2, 4, 3]",19,18,4.222222222222222,Cynthia has questioned that association that these students that can't marry shouldn't boycott.,shuffle_local5
False,75,4.166666666666667,"[1, 4, 3, 1]",14,18,4.166666666666667,Cynthia has questioned that association that these students that can't marry shouldn't boycott.,shuffle_local10
False,131,7.277777777777778,"[4, 5, 8, 15]",44,18,7.277777777777778,Cynthia has questioned that association that these students that can't marry shouldn't boycott.,shuffle_deterministic21
False,104,5.777777777777778,"[8, 4, 11, 12]",29,18,5.777777777777778,Cynthia has questioned that association that these students that can't marry shouldn't boycott.,shuffle_nondeterministic
False,99,5.5,"[1, 8, 9, 9]",33,18,5.5,Cynthia has questioned that association that these students that can't marry shouldn't boycott.,shuffle_even_odd
True,17,1.8888888888888888,[],0,9,1.8888888888888888,What has Catherine eaten while selling some chicken?,english
True,17,1.8888888888888888,[],0,9,1.8888888888888888,What has Catherine eaten while selling some chicken?,reverse_full
True,32,3.5555555555555554,[],0,9,3.5555555555555554,What has Catherine eaten while selling some chicken?,partial_reverse
False,21,2.3333333333333335,[],3,9,2.3333333333333335,What has Catherine eaten while selling some chicken?,shuffle_local3
False,23,2.5555555555555554,[],3,9,2.5555555555555554,What has Catherine eaten while selling some chicken?,shuffle_local5
False,32,3.5555555555555554,[],2,9,3.5555555555555554,What has Catherine eaten while selling some chicken?,shuffle_local10
True,21,2.3333333333333335,[],0,9,2.3333333333333335,What has Catherine eaten while selling some chicken?,shuffle_deterministic21
False,32,3.5555555555555554,[],2,9,3.5555555555555554,What has Catherine eaten while selling some chicken?,shuffle_nondeterministic
False,26,2.888888888888889,[],5,9,2.888888888888889,What has Catherine eaten while selling some chicken?,shuffle_even_odd
True,19,1.9,[],0,10,1.9,Who can the Clintons conceal after embarrassing every girl?,english
True,19,1.9,[],0,10,1.9,Who can the Clintons conceal after embarrassing every girl?,reverse_full
False,33,3.3,[],2,10,3.3,Who can the Clintons conceal after embarrassing every girl?,partial_reverse
True,19,1.9,[],0,10,1.9,Who can the Clintons conceal after embarrassing every girl?,shuffle_local3
False,21,2.1,[],6,10,2.1,Who can the Clintons conceal after embarrassing every girl?,shuffle_local5
False,30,3.0,[],4,10,3.0,Who can the Clintons conceal after embarrassing every girl?,shuffle_local10
False,26,2.6,[],4,10,2.6,Who can the Clintons conceal after embarrassing every girl?,shuffle_deterministic21
False,30,3.0,[],4,10,3.0,Who can the Clintons conceal after embarrassing every girl?,shuffle_nondeterministic
False,35,3.5,[],11,10,3.5,Who can the Clintons conceal after embarrassing every girl?,shuffle_even_odd
True,18,1.8,[1],0,10,1.8,Some waiters who understand Thomas bend every canoe.,english
True,18,1.8,[1],0,10,1.8,Some waiters who understand Thomas bend every canoe.,reverse_full
False,22,2.2,[1],0,10,2.2,Some waiters who understand Thomas bend every canoe.,partial_reverse
True,18,1.8,[1],0,10,1.8,Some waiters who understand Thomas bend every canoe.,shuffle_local3
False,21,2.1,[2],7,10,2.1,Some waiters who understand Thomas bend every canoe.,shuffle_local5
False,30,3.0,[1],3,10,3.0,Some waiters who understand Thomas bend every canoe.,shuffle_local10
False,33,3.3,[9],6,10,3.3,Some waiters who understand Thomas bend every canoe.,shuffle_deterministic21
False,30,3.0,[1],3,10,3.0,Some waiters who understand Thomas bend every canoe.,shuffle_nondeterministic
False,34,3.4,[4],15,10,3.4,Some waiters who understand Thomas bend every canoe.,shuffle_even_odd
True,14,1.75,[],0,8,1.75,There are some museums needing to argue.,english
True,14,1.75,[],0,8,1.75,There are some museums needing to argue.,reverse_full
True,12,1.5,[],0,8,1.5,There are some museums needing to argue.,partial_reverse
False,17,2.125,[],3,8,2.125,There are some museums needing to argue.,shuffle_local3
False,14,1.75,[],1,8,1.75,There are some museums needing to argue.,shuffle_local5
False,19,2.375,[],3,8,2.375,There are some museums needing to argue.,shuffle_local10
False,18,2.25,[],9,8,2.25,There are some museums needing to argue.,shuffle_deterministic21
False,19,2.375,[],3,8,2.375,There are some museums needing to argue.,shuffle_nondeterministic
False,19,2.375,[],8,8,2.375,There are some museums needing to argue.,shuffle_even_odd
True,43,2.5294117647058822,"[1, 1, 1]",0,17,2.5294117647058822,Every senator who overwhelmed the guests isn't shouting that most dentists had flirted.,english
True,43,2.5294117647058822,"[1, 1, 1]",0,17,2.5294117647058822,Every senator who overwhelmed the guests isn't shouting that most dentists had flirted.,reverse_full
False,70,4.117647058823529,"[1, 1, 1]",2,17,4.117647058823529,Every senator who overwhelmed the guests isn't shouting that most dentists had flirted.,partial_reverse
False,51,3.0,"[1, 5, 4]",4,17,3.0,Every senator who overwhelmed the guests isn't shouting that most dentists had flirted.,shuffle_local3
False,57,3.3529411764705883,"[3, 3, 4]",16,17,3.3529411764705883,Every senator who overwhelmed the guests isn't shouting that most dentists had flirted.,shuffle_local5
False,53,3.1176470588235294,"[3, 4, 4]",17,17,3.1176470588235294,Every senator who overwhelmed the guests isn't shouting that most dentists had flirted.,shuffle_local10
False,74,4.352941176470588,"[4, 2, 8]",27,17,4.352941176470588,Every senator who overwhelmed the guests isn't shouting that most dentists had flirted.,shuffle_deterministic21
False,88,5.176470588235294,"[9, 3, 1]",27,17,5.176470588235294,Every senator who overwhelmed the guests isn't shouting that most dentists had flirted.,shuffle_nondeterministic
False,98,5.764705882352941,"[8, 9, 9]",48,17,5.764705882352941,Every senator who overwhelmed the guests isn't shouting that most dentists had flirted.,shuffle_even_odd
False,57,3.5625,[],1,16,3.5625,Peter noticed the hospital that the students that do break a computer are thinking about.,english
False,57,3.5625,[],1,16,3.5625,Peter noticed the hospital that the students that do break a computer are thinking about.,reverse_full
False,33,2.0625,[],2,16,2.0625,Peter noticed the hospital that the students that do break a computer are thinking about.,partial_reverse
False,58,3.625,[],5,16,3.625,Peter noticed the hospital that the students that do break a computer are thinking about.,shuffle_local3
False,57,3.5625,[],8,16,3.5625,Peter noticed the hospital that the students that do break a computer are thinking about.,shuffle_local5
False,73,4.5625,[],17,16,4.5625,Peter noticed the hospital that the students that do break a computer are thinking about.,shuffle_local10
False,73,4.5625,[],29,16,4.5625,Peter noticed the hospital that the students that do break a computer are thinking about.,shuffle_deterministic21
False,76,4.75,[],11,16,4.75,Peter noticed the hospital that the students that do break a computer are thinking about.,shuffle_nondeterministic
False,94,5.875,[],45,16,5.875,Peter noticed the hospital that the students that do break a computer are thinking about.,shuffle_even_odd
True,13,1.625,[],0,8,1.625,Who can Allison insult before exposing students?,english
True,13,1.625,[],0,8,1.625,Who can Allison insult before exposing students?,reverse_full
True,19,2.375,[],0,8,2.375,Who can Allison insult before exposing students?,partial_reverse
False,19,2.375,[],4,8,2.375,Who can Allison insult before exposing students?,shuffle_local3
False,17,2.125,[],2,8,2.125,Who can Allison insult before exposing students?,shuffle_local5
False,25,3.125,[],2,8,3.125,Who can Allison insult before exposing students?,shuffle_local10
False,18,2.25,[],4,8,2.25,Who can Allison insult before exposing students?,shuffle_deterministic21
False,25,3.125,[],2,8,3.125,Who can Allison insult before exposing students?,shuffle_nondeterministic
False,22,2.75,[],7,8,2.75,Who can Allison insult before exposing students?,shuffle_even_odd
True,16,1.7777777777777777,[1],0,9,1.7777777777777777,Ann remembered every commentary that shocked Ella.,english
True,16,1.7777777777777777,[1],0,9,1.7777777777777777,Ann remembered every commentary that shocked Ella.,reverse_full
False,21,2.3333333333333335,[1],1,9,2.3333333333333335,Ann remembered every commentary that shocked Ella.,partial_reverse
False,24,2.6666666666666665,[1],4,9,2.6666666666666665,Ann remembered every commentary that shocked Ella.,shuffle_local3
False,22,2.4444444444444446,[1],3,9,2.4444444444444446,Ann remembered every commentary that shocked Ella.,shuffle_local5
False,28,3.111111111111111,[8],3,9,3.111111111111111,Ann remembered every commentary that shocked Ella.,shuffle_local10
False,22,2.4444444444444446,[1],1,9,2.4444444444444446,Ann remembered every commentary that shocked Ella.,shuffle_deterministic21
False,28,3.111111111111111,[8],3,9,3.111111111111111,Ann remembered every commentary that shocked Ella.,shuffle_nondeterministic
False,27,3.0,[5],8,9,3.0,Ann remembered every commentary that shocked Ella.,shuffle_even_odd
True,21,1.75,[1],0,12,1.75,The hidden Carolyn next to the analysis wasn't worrying herself.,english
True,21,1.75,[1],0,12,1.75,The hidden Carolyn next to the analysis wasn't worrying herself.,reverse_full
False,25,2.0833333333333335,[1],0,12,2.0833333333333335,The hidden Carolyn next to the analysis wasn't worrying herself.,partial_reverse
False,22,1.8333333333333333,[1],1,12,1.8333333333333333,The hidden Carolyn next to the analysis wasn't worrying herself.,shuffle_local3
False,38,3.1666666666666665,[4],14,12,3.1666666666666665,The hidden Carolyn next to the analysis wasn't worrying herself.,shuffle_local5
False,52,4.333333333333333,[8],15,12,4.333333333333333,The hidden Carolyn next to the analysis wasn't worrying herself.,shuffle_local10
False,46,3.8333333333333335,[1],15,12,3.8333333333333335,The hidden Carolyn next to the analysis wasn't worrying herself.,shuffle_deterministic21
False,48,4.0,[4],12,12,4.0,The hidden Carolyn next to the analysis wasn't worrying herself.,shuffle_nondeterministic
False,44,3.6666666666666665,[5],13,12,3.6666666666666665,The hidden Carolyn next to the analysis wasn't worrying herself.,shuffle_even_odd
True,34,2.2666666666666666,[1],0,15,2.2666666666666666,Caroline leaves a lot of lost sons of and Helen leaves a few.,english
True,34,2.2666666666666666,[1],0,15,2.2666666666666666,Caroline leaves a lot of lost sons of and Helen leaves a few.,reverse_full
False,50,3.3333333333333335,[1],2,15,3.3333333333333335,Caroline leaves a lot of lost sons of and Helen leaves a few.,partial_reverse
False,44,2.933333333333333,[2],6,15,2.933333333333333,Caroline leaves a lot of lost sons of and Helen leaves a few.,shuffle_local3
False,46,3.066666666666667,[2],7,15,3.066666666666667,Caroline leaves a lot of lost sons of and Helen leaves a few.,shuffle_local5
False,59,3.933333333333333,[2],16,15,3.933333333333333,Caroline leaves a lot of lost sons of and Helen leaves a few.,shuffle_local10
False,100,6.666666666666667,[1],20,15,6.666666666666667,Caroline leaves a lot of lost sons of and Helen leaves a few.,shuffle_deterministic21
False,76,5.066666666666666,[6],25,15,5.066666666666666,Caroline leaves a lot of lost sons of and Helen leaves a few.,shuffle_nondeterministic
False,87,5.8,[8],30,15,5.8,Caroline leaves a lot of lost sons of and Helen leaves a few.,shuffle_even_odd
True,17,1.7,"[1, 1]",0,10,1.7,All actresses who impressed Kristin weren't struggling.,english
True,17,1.7,"[1, 1]",0,10,1.7,All actresses who impressed Kristin weren't struggling.,reverse_full
False,25,2.5,"[1, 1]",1,10,2.5,All actresses who impressed Kristin weren't struggling.,partial_reverse
True,17,1.7,"[1, 1]",0,10,1.7,All actresses who impressed Kristin weren't struggling.,shuffle_local3
False,23,2.3,"[4, 1]",7,10,2.3,All actresses who impressed Kristin weren't struggling.,shuffle_local5
False,39,3.9,"[5, 6]",20,10,3.9,All actresses who impressed Kristin weren't struggling.,shuffle_local10
False,30,3.0,"[1, 3]",5,10,3.0,All actresses who impressed Kristin weren't struggling.,shuffle_deterministic21
False,39,3.9,"[5, 6]",20,10,3.9,All actresses who impressed Kristin weren't struggling.,shuffle_nondeterministic
False,32,3.2,"[5, 5]",13,10,3.2,All actresses who impressed Kristin weren't struggling.,shuffle_even_odd
True,26,2.1666666666666665,"[1, 1]",0,12,2.1666666666666665,Melinda had thought about some geese that embarrass Eric.,english
True,26,2.1666666666666665,"[1, 1]",0,12,2.1666666666666665,Melinda had thought about some geese that embarrass Eric.,reverse_full
True,42,3.5,"[1, 1]",0,12,3.5,Melinda had thought about some geese that embarrass Eric.,partial_reverse
True,26,2.1666666666666665,"[1, 1]",0,12,2.1666666666666665,Melinda had thought about some geese that embarrass Eric.,shuffle_local3
False,37,3.0833333333333335,"[3, 1]",10,12,3.0833333333333335,Melinda had thought about some geese that embarrass Eric.,shuffle_local5
False,48,4.0,"[3, 4]",17,12,4.0,Melinda had thought about some geese that embarrass Eric.,shuffle_local10
False,40,3.3333333333333335,"[7, 1]",11,12,3.3333333333333335,Melinda had thought about some geese that embarrass Eric.,shuffle_deterministic21
False,36,3.0,"[3, 4]",11,12,3.0,Melinda had thought about some geese that embarrass Eric.,shuffle_nondeterministic
False,54,4.5,"[6, 6]",28,12,4.5,Melinda had thought about some geese that embarrass Eric.,shuffle_even_odd
True,22,2.4444444444444446,"[1, 1, 2]",0,9,2.4444444444444446,There weren't few wheelbarrows accelerating.,english
True,22,2.4444444444444446,"[2, 1, 1]",0,9,2.4444444444444446,There weren't few wheelbarrows accelerating.,reverse_full
True,14,1.5555555555555556,"[1, 2, 1]",0,9,1.5555555555555556,There weren't few wheelbarrows accelerating.,partial_reverse
False,21,2.3333333333333335,"[1, 1, 1]",1,9,2.3333333333333335,There weren't few wheelbarrows accelerating.,shuffle_local3
False,27,3.0,"[1, 4, 5]",5,9,3.0,There weren't few wheelbarrows accelerating.,shuffle_local5
False,28,3.111111111111111,"[1, 2, 5]",5,9,3.111111111111111,There weren't few wheelbarrows accelerating.,shuffle_local10
False,31,3.4444444444444446,"[1, 2, 8]",1,9,3.4444444444444446,There weren't few wheelbarrows accelerating.,shuffle_deterministic21
False,28,3.111111111111111,"[1, 2, 5]",5,9,3.111111111111111,There weren't few wheelbarrows accelerating.,shuffle_nondeterministic
False,29,3.2222222222222223,"[4, 1, 5]",8,9,3.2222222222222223,There weren't few wheelbarrows accelerating.,shuffle_even_odd
True,15,1.875,[1],0,8,1.875,Barbara could research this hidden picture.,english
True,15,1.875,[1],0,8,1.875,Barbara could research this hidden picture.,reverse_full
True,18,2.25,[1],0,8,2.25,Barbara could research this hidden picture.,partial_reverse
False,17,2.125,[2],1,8,2.125,Barbara could research this hidden picture.,shuffle_local3
False,21,2.625,[3],6,8,2.625,Barbara could research this hidden picture.,shuffle_local5
False,22,2.75,[4],4,8,2.75,Barbara could research this hidden picture.,shuffle_local10
False,16,2.0,[2],2,8,2.0,Barbara could research this hidden picture.,shuffle_deterministic21
False,22,2.75,[4],4,8,2.75,Barbara could research this hidden picture.,shuffle_nondeterministic
False,21,2.625,[4],6,8,2.625,Barbara could research this hidden picture.,shuffle_even_odd
True,19,1.9,[],0,10,1.9,The warm Lawrence far from the couch investigated himself.,english
True,19,1.9,[],0,10,1.9,The warm Lawrence far from the couch investigated himself.,reverse_full
True,17,1.7,[],0,10,1.7,The warm Lawrence far from the couch investigated himself.,partial_reverse
False,25,2.5,[],3,10,2.5,The warm Lawrence far from the couch investigated himself.,shuffle_local3
False,28,2.8,[],6,10,2.8,The warm Lawrence far from the couch investigated himself.,shuffle_local5
False,38,3.8,[],13,10,3.8,The warm Lawrence far from the couch investigated himself.,shuffle_local10
False,39,3.9,[],6,10,3.9,The warm Lawrence far from the couch investigated himself.,shuffle_deterministic21
False,38,3.8,[],13,10,3.8,The warm Lawrence far from the couch investigated himself.,shuffle_nondeterministic
False,28,2.8,[],7,10,2.8,The warm Lawrence far from the couch investigated himself.,shuffle_even_odd
True,27,2.076923076923077,"[1, 1]",0,13,2.076923076923077,Becky can't question every man that is talking to Cheryl.,english
True,27,2.076923076923077,"[1, 1]",0,13,2.076923076923077,Becky can't question every man that is talking to Cheryl.,reverse_full
True,43,3.3076923076923075,"[1, 1]",0,13,3.3076923076923075,Becky can't question every man that is talking to Cheryl.,partial_reverse
False,39,3.0,"[1, 4]",10,13,3.0,Becky can't question every man that is talking to Cheryl.,shuffle_local3
False,36,2.769230769230769,"[3, 3]",9,13,2.769230769230769,Becky can't question every man that is talking to Cheryl.,shuffle_local5
False,40,3.076923076923077,"[1, 7]",16,13,3.076923076923077,Becky can't question every man that is talking to Cheryl.,shuffle_local10
False,44,3.3846153846153846,"[3, 2]",8,13,3.3846153846153846,Becky can't question every man that is talking to Cheryl.,shuffle_deterministic21
False,50,3.8461538461538463,"[1, 10]",18,13,3.8461538461538463,Becky can't question every man that is talking to Cheryl.,shuffle_nondeterministic
False,57,4.384615384615385,"[7, 7]",22,13,4.384615384615385,Becky can't question every man that is talking to Cheryl.,shuffle_even_odd
True,20,2.0,[1],0,10,2.0,Walter notices some student that has approached Melanie.,english
True,20,2.0,[1],0,10,2.0,Walter notices some student that has approached Melanie.,reverse_full
True,18,1.8,[1],0,10,1.8,Walter notices some student that has approached Melanie.,partial_reverse
False,27,2.7,[2],4,10,2.7,Walter notices some student that has approached Melanie.,shuffle_local3
False,21,2.1,[2],2,10,2.1,Walter notices some student that has approached Melanie.,shuffle_local5
False,25,2.5,[2],6,10,2.5,Walter notices some student that has approached Melanie.,shuffle_local10
True,28,2.8,[1],0,10,2.8,Walter notices some student that has approached Melanie.,shuffle_deterministic21
False,25,2.5,[2],6,10,2.5,Walter notices some student that has approached Melanie.,shuffle_nondeterministic
False,35,3.5,[5],7,10,3.5,Walter notices some student that has approached Melanie.,shuffle_even_odd
True,15,1.875,[1],0,8,1.875,Patricia is breaking this gray chair.,english
True,15,1.875,[1],0,8,1.875,Patricia is breaking this gray chair.,reverse_full
True,18,2.25,[1],0,8,2.25,Patricia is breaking this gray chair.,partial_reverse
False,17,2.125,[1],2,8,2.125,Patricia is breaking this gray chair.,shuffle_local3
False,22,2.75,[3],6,8,2.75,Patricia is breaking this gray chair.,shuffle_local5
False,19,2.375,[3],5,8,2.375,Patricia is breaking this gray chair.,shuffle_local10
False,16,2.0,[2],2,8,2.0,Patricia is breaking this gray chair.,shuffle_deterministic21
False,19,2.375,[3],5,8,2.375,Patricia is breaking this gray chair.,shuffle_nondeterministic
False,21,2.625,[4],6,8,2.625,Patricia is breaking this gray chair.,shuffle_even_odd
True,31,2.3846153846153846,"[1, 2]",0,13,2.3846153846153846,The sick the Impressionists like the fish can lead themselves.,english
True,31,2.3846153846153846,"[2, 1]",0,13,2.3846153846153846,The sick the Impressionists like the fish can lead themselves.,reverse_full
False,41,3.1538461538461537,"[8, 9]",3,13,3.1538461538461537,The sick the Impressionists like the fish can lead themselves.,partial_reverse
False,33,2.5384615384615383,"[2, 1]",1,13,2.5384615384615383,The sick the Impressionists like the fish can lead themselves.,shuffle_local3
False,48,3.6923076923076925,"[1, 7]",5,13,3.6923076923076925,The sick the Impressionists like the fish can lead themselves.,shuffle_local5
False,63,4.846153846153846,"[4, 8]",11,13,4.846153846153846,The sick the Impressionists like the fish can lead themselves.,shuffle_local10
False,45,3.4615384615384617,"[7, 4]",16,13,3.4615384615384617,The sick the Impressionists like the fish can lead themselves.,shuffle_deterministic21
False,59,4.538461538461538,"[5, 8]",26,13,4.538461538461538,The sick the Impressionists like the fish can lead themselves.,shuffle_nondeterministic
False,52,4.0,"[6, 1]",18,13,4.0,The sick the Impressionists like the fish can lead themselves.,shuffle_even_odd
True,17,1.8888888888888888,[],0,9,1.8888888888888888,What had April passed while finding the glacier?,english
True,17,1.8888888888888888,[],0,9,1.8888888888888888,What had April passed while finding the glacier?,reverse_full
True,32,3.5555555555555554,[],0,9,3.5555555555555554,What had April passed while finding the glacier?,partial_reverse
True,17,1.8888888888888888,[],0,9,1.8888888888888888,What had April passed while finding the glacier?,shuffle_local3
False,18,2.0,[],5,9,2.0,What had April passed while finding the glacier?,shuffle_local5
False,37,4.111111111111111,[],8,9,4.111111111111111,What had April passed while finding the glacier?,shuffle_local10
True,21,2.3333333333333335,[],0,9,2.3333333333333335,What had April passed while finding the glacier?,shuffle_deterministic21
False,37,4.111111111111111,[],8,9,4.111111111111111,What had April passed while finding the glacier?,shuffle_nondeterministic
False,26,2.888888888888889,[],5,9,2.888888888888889,What had April passed while finding the glacier?,shuffle_even_odd
True,18,1.8,[1],0,10,1.8,What has Bradley destroyed before breaking this skateboard?,english
True,18,1.8,[1],0,10,1.8,What has Bradley destroyed before breaking this skateboard?,reverse_full
True,36,3.6,[1],0,10,3.6,What has Bradley destroyed before breaking this skateboard?,partial_reverse
False,24,2.4,[1],4,10,2.4,What has Bradley destroyed before breaking this skateboard?,shuffle_local3
False,26,2.6,[3],4,10,2.6,What has Bradley destroyed before breaking this skateboard?,shuffle_local5
False,36,3.6,[3],10,10,3.6,What has Bradley destroyed before breaking this skateboard?,shuffle_local10
False,28,2.8,[2],1,10,2.8,What has Bradley destroyed before breaking this skateboard?,shuffle_deterministic21
False,36,3.6,[3],10,10,3.6,What has Bradley destroyed before breaking this skateboard?,shuffle_nondeterministic
False,34,3.4,[4],13,10,3.4,What has Bradley destroyed before breaking this skateboard?,shuffle_even_odd
False,37,2.466666666666667,"[1, 1]",1,15,2.466666666666667,A lot of waitresses notice the picture that Roger hadn't looked like.,english
False,37,2.466666666666667,"[1, 1]",1,15,2.466666666666667,A lot of waitresses notice the picture that Roger hadn't looked like.,reverse_full
False,55,3.6666666666666665,"[1, 11]",2,15,3.6666666666666665,A lot of waitresses notice the picture that Roger hadn't looked like.,partial_reverse
False,37,2.466666666666667,"[1, 1]",1,15,2.466666666666667,A lot of waitresses notice the picture that Roger hadn't looked like.,shuffle_local3
False,48,3.2,"[1, 1]",12,15,3.2,A lot of waitresses notice the picture that Roger hadn't looked like.,shuffle_local5
False,66,4.4,"[3, 1]",14,15,4.4,A lot of waitresses notice the picture that Roger hadn't looked like.,shuffle_local10
False,61,4.066666666666666,"[12, 8]",14,15,4.066666666666666,A lot of waitresses notice the picture that Roger hadn't looked like.,shuffle_deterministic21
False,61,4.066666666666666,"[4, 1]",18,15,4.066666666666666,A lot of waitresses notice the picture that Roger hadn't looked like.,shuffle_nondeterministic
False,82,5.466666666666667,"[7, 8]",38,15,5.466666666666667,A lot of waitresses notice the picture that Roger hadn't looked like.,shuffle_even_odd
True,20,1.8181818181818181,"[1, 2]",0,11,1.8181818181818181,The Impressionists research photographs that have irritated Bill.,english
True,20,1.8181818181818181,"[2, 1]",0,11,1.8181818181818181,The Impressionists research photographs that have irritated Bill.,reverse_full
False,33,3.0,"[1, 9]",1,11,3.0,The Impressionists research photographs that have irritated Bill.,partial_reverse
False,19,1.7272727272727273,"[1, 4]",1,11,1.7272727272727273,The Impressionists research photographs that have irritated Bill.,shuffle_local3
False,35,3.1818181818181817,"[3, 2]",8,11,3.1818181818181817,The Impressionists research photographs that have irritated Bill.,shuffle_local5
False,53,4.818181818181818,"[8, 4]",17,11,4.818181818181818,The Impressionists research photographs that have irritated Bill.,shuffle_local10
False,36,3.272727272727273,"[6, 8]",11,11,3.272727272727273,The Impressionists research photographs that have irritated Bill.,shuffle_deterministic21
False,49,4.454545454545454,"[7, 4]",9,11,4.454545454545454,The Impressionists research photographs that have irritated Bill.,shuffle_nondeterministic
False,48,4.363636363636363,"[5, 1]",18,11,4.363636363636363,The Impressionists research photographs that have irritated Bill.,shuffle_even_odd
True,19,1.7272727272727273,[1],0,11,1.7272727272727273,The upset Christopher next to the spinach astounds himself.,english
True,19,1.7272727272727273,[1],0,11,1.7272727272727273,The upset Christopher next to the spinach astounds himself.,reverse_full
False,25,2.272727272727273,[1],0,11,2.272727272727273,The upset Christopher next to the spinach astounds himself.,partial_reverse
False,25,2.272727272727273,[2],9,11,2.272727272727273,The upset Christopher next to the spinach astounds himself.,shuffle_local3
False,26,2.3636363636363638,[1],3,11,2.3636363636363638,The upset Christopher next to the spinach astounds himself.,shuffle_local5
False,35,3.1818181818181817,[2],6,11,3.1818181818181817,The upset Christopher next to the spinach astounds himself.,shuffle_local10
False,46,4.181818181818182,[1],11,11,4.181818181818182,The upset Christopher next to the spinach astounds himself.,shuffle_deterministic21
False,35,3.1818181818181817,[2],6,11,3.1818181818181817,The upset Christopher next to the spinach astounds himself.,shuffle_nondeterministic
False,41,3.727272727272727,[5],12,11,3.727272727272727,The upset Christopher next to the spinach astounds himself.,shuffle_even_odd
True,26,2.1666666666666665,[1],0,12,2.1666666666666665,Some dancers that aren't disturbing April have learned who yells.,english
True,26,2.1666666666666665,[1],0,12,2.1666666666666665,Some dancers that aren't disturbing April have learned who yells.,reverse_full
False,32,2.6666666666666665,[1],1,12,2.6666666666666665,Some dancers that aren't disturbing April have learned who yells.,partial_reverse
True,26,2.1666666666666665,[1],0,12,2.1666666666666665,Some dancers that aren't disturbing April have learned who yells.,shuffle_local3
False,27,2.25,[1],1,12,2.25,Some dancers that aren't disturbing April have learned who yells.,shuffle_local5
False,62,5.166666666666667,[3],14,12,5.166666666666667,Some dancers that aren't disturbing April have learned who yells.,shuffle_local10
False,50,4.166666666666667,[6],12,12,4.166666666666667,Some dancers that aren't disturbing April have learned who yells.,shuffle_deterministic21
False,40,3.3333333333333335,[4],13,12,3.3333333333333335,Some dancers that aren't disturbing April have learned who yells.,shuffle_nondeterministic
False,46,3.8333333333333335,[5],19,12,3.8333333333333335,Some dancers that aren't disturbing April have learned who yells.,shuffle_even_odd
True,40,2.5,[1],0,16,2.5,Those drivers question a library that some associations insult that couldn't scare all libraries.,english
True,40,2.5,[1],0,16,2.5,Those drivers question a library that some associations insult that couldn't scare all libraries.,reverse_full
False,34,2.125,[1],1,16,2.125,Those drivers question a library that some associations insult that couldn't scare all libraries.,partial_reverse
False,49,3.0625,[1],6,16,3.0625,Those drivers question a library that some associations insult that couldn't scare all libraries.,shuffle_local3
False,43,2.6875,[1],8,16,2.6875,Those drivers question a library that some associations insult that couldn't scare all libraries.,shuffle_local5
False,77,4.8125,[2],20,16,4.8125,Those drivers question a library that some associations insult that couldn't scare all libraries.,shuffle_local10
False,88,5.5,[7],19,16,5.5,Those drivers question a library that some associations insult that couldn't scare all libraries.,shuffle_deterministic21
False,96,6.0,[6],27,16,6.0,Those drivers question a library that some associations insult that couldn't scare all libraries.,shuffle_nondeterministic
False,85,5.3125,[8],34,16,5.3125,Those drivers question a library that some associations insult that couldn't scare all libraries.,shuffle_even_odd
True,28,2.1538461538461537,"[1, 1]",0,13,2.1538461538461537,Some high schools that haven't disturbed Matt hadn't worried themselves.,english
True,28,2.1538461538461537,"[1, 1]",0,13,2.1538461538461537,Some high schools that haven't disturbed Matt hadn't worried themselves.,reverse_full
False,32,2.4615384615384617,"[1, 1]",1,13,2.4615384615384617,Some high schools that haven't disturbed Matt hadn't worried themselves.,partial_reverse
False,42,3.230769230769231,"[1, 5]",8,13,3.230769230769231,Some high schools that haven't disturbed Matt hadn't worried themselves.,shuffle_local3
False,51,3.923076923076923,"[3, 7]",10,13,3.923076923076923,Some high schools that haven't disturbed Matt hadn't worried themselves.,shuffle_local5
False,49,3.769230769230769,"[1, 2]",6,13,3.769230769230769,Some high schools that haven't disturbed Matt hadn't worried themselves.,shuffle_local10
False,49,3.769230769230769,"[1, 3]",13,13,3.769230769230769,Some high schools that haven't disturbed Matt hadn't worried themselves.,shuffle_deterministic21
False,63,4.846153846153846,"[4, 1]",10,13,4.846153846153846,Some high schools that haven't disturbed Matt hadn't worried themselves.,shuffle_nondeterministic
False,49,3.769230769230769,"[7, 7]",18,13,3.769230769230769,Some high schools that haven't disturbed Matt hadn't worried themselves.,shuffle_even_odd
True,18,1.6363636363636365,[],0,11,1.6363636363636365,A dry Curtis next to the hair had admired himself.,english
True,18,1.6363636363636365,[],0,11,1.6363636363636365,A dry Curtis next to the hair had admired himself.,reverse_full
False,22,2.0,[],0,11,2.0,A dry Curtis next to the hair had admired himself.,partial_reverse
False,32,2.909090909090909,[],8,11,2.909090909090909,A dry Curtis next to the hair had admired himself.,shuffle_local3
False,24,2.1818181818181817,[],1,11,2.1818181818181817,A dry Curtis next to the hair had admired himself.,shuffle_local5
False,44,4.0,[],7,11,4.0,A dry Curtis next to the hair had admired himself.,shuffle_local10
False,43,3.909090909090909,[],11,11,3.909090909090909,A dry Curtis next to the hair had admired himself.,shuffle_deterministic21
False,44,4.0,[],8,11,4.0,A dry Curtis next to the hair had admired himself.,shuffle_nondeterministic
False,38,3.4545454545454546,[],14,11,3.4545454545454546,A dry Curtis next to the hair had admired himself.,shuffle_even_odd
True,11,1.5714285714285714,[],0,7,1.5714285714285714,Michael is remembered by some ladies.,english
True,11,1.5714285714285714,[],0,7,1.5714285714285714,Michael is remembered by some ladies.,reverse_full
True,19,2.7142857142857144,[],0,7,2.7142857142857144,Michael is remembered by some ladies.,partial_reverse
True,11,1.5714285714285714,[],0,7,1.5714285714285714,Michael is remembered by some ladies.,shuffle_local3
False,19,2.7142857142857144,[],3,7,2.7142857142857144,Michael is remembered by some ladies.,shuffle_local5
False,15,2.142857142857143,[],6,7,2.142857142857143,Michael is remembered by some ladies.,shuffle_local10
False,16,2.2857142857142856,[],1,7,2.2857142857142856,Michael is remembered by some ladies.,shuffle_deterministic21
False,15,2.142857142857143,[],6,7,2.142857142857143,Michael is remembered by some ladies.,shuffle_nondeterministic
False,15,2.142857142857143,[],3,7,2.142857142857143,Michael is remembered by some ladies.,shuffle_even_odd
True,18,2.0,[1],0,9,2.0,Lisa hasn't worked with these scared girls.,english
True,18,2.0,[1],0,9,2.0,Lisa hasn't worked with these scared girls.,reverse_full
True,28,3.111111111111111,[1],0,9,3.111111111111111,Lisa hasn't worked with these scared girls.,partial_reverse
False,18,2.0,[1],4,9,2.0,Lisa hasn't worked with these scared girls.,shuffle_local3
False,19,2.111111111111111,[2],3,9,2.111111111111111,Lisa hasn't worked with these scared girls.,shuffle_local5
False,20,2.2222222222222223,[2],6,9,2.2222222222222223,Lisa hasn't worked with these scared girls.,shuffle_local10
False,30,3.3333333333333335,[8],0,9,3.3333333333333335,Lisa hasn't worked with these scared girls.,shuffle_deterministic21
False,20,2.2222222222222223,[2],6,9,2.2222222222222223,Lisa hasn't worked with these scared girls.,shuffle_nondeterministic
False,29,3.2222222222222223,[4],7,9,3.2222222222222223,Lisa hasn't worked with these scared girls.,shuffle_even_odd
True,24,2.1818181818181817,[1],0,11,2.1818181818181817,The girl that shouldn't research some museums loves herself.,english
True,24,2.1818181818181817,[1],0,11,2.1818181818181817,The girl that shouldn't research some museums loves herself.,reverse_full
False,27,2.4545454545454546,[1],1,11,2.4545454545454546,The girl that shouldn't research some museums loves herself.,partial_reverse
False,24,2.1818181818181817,[1],4,11,2.1818181818181817,The girl that shouldn't research some museums loves herself.,shuffle_local3
False,41,3.727272727272727,[2],14,11,3.727272727272727,The girl that shouldn't research some museums loves herself.,shuffle_local5
False,41,3.727272727272727,[3],15,11,3.727272727272727,The girl that shouldn't research some museums loves herself.,shuffle_local10
False,33,3.0,[7],13,11,3.0,The girl that shouldn't research some museums loves herself.,shuffle_deterministic21
False,47,4.2727272727272725,[3],13,11,4.2727272727272725,The girl that shouldn't research some museums loves herself.,shuffle_nondeterministic
False,37,3.3636363636363638,[5],10,11,3.3636363636363638,The girl that shouldn't research some museums loves herself.,shuffle_even_odd
True,6,1.2,[1],0,5,1.2,Elaine bothered herself.,english
True,6,1.2,[1],0,5,1.2,Elaine bothered herself.,reverse_full
False,10,2.0,[4],0,5,2.0,Elaine bothered herself.,partial_reverse
True,10,2.0,[1],0,5,2.0,Elaine bothered herself.,shuffle_local3
True,6,1.2,[1],0,5,1.2,Elaine bothered herself.,shuffle_local5
True,6,1.2,[1],0,5,1.2,Elaine bothered herself.,shuffle_local10
True,8,1.6,[1],0,5,1.6,Elaine bothered herself.,shuffle_deterministic21
True,6,1.2,[1],0,5,1.2,Elaine bothered herself.,shuffle_nondeterministic
False,8,1.6,[3],1,5,1.6,Elaine bothered herself.,shuffle_even_odd
True,21,1.9090909090909092,[],0,11,1.9090909090909092,All teachers who are referencing Joseph walk through all glaciers.,english
True,21,1.9090909090909092,[],0,11,1.9090909090909092,All teachers who are referencing Joseph walk through all glaciers.,reverse_full
False,32,2.909090909090909,[],1,11,2.909090909090909,All teachers who are referencing Joseph walk through all glaciers.,partial_reverse
False,25,2.272727272727273,[],3,11,2.272727272727273,All teachers who are referencing Joseph walk through all glaciers.,shuffle_local3
False,24,2.1818181818181817,[],3,11,2.1818181818181817,All teachers who are referencing Joseph walk through all glaciers.,shuffle_local5
False,44,4.0,[],9,11,4.0,All teachers who are referencing Joseph walk through all glaciers.,shuffle_local10
False,43,3.909090909090909,[],9,11,3.909090909090909,All teachers who are referencing Joseph walk through all glaciers.,shuffle_deterministic21
False,44,4.0,[],11,11,4.0,All teachers who are referencing Joseph walk through all glaciers.,shuffle_nondeterministic
False,40,3.6363636363636362,[],13,11,3.6363636363636362,All teachers who are referencing Joseph walk through all glaciers.,shuffle_even_odd
True,14,1.75,[1],0,8,1.75,There was a chair impressing Cindy.,english
True,14,1.75,[1],0,8,1.75,There was a chair impressing Cindy.,reverse_full
True,12,1.5,[1],0,8,1.5,There was a chair impressing Cindy.,partial_reverse
False,14,1.75,[1],2,8,1.75,There was a chair impressing Cindy.,shuffle_local3
False,20,2.5,[3],8,8,2.5,There was a chair impressing Cindy.,shuffle_local5
False,24,3.0,[6],5,8,3.0,There was a chair impressing Cindy.,shuffle_local10
False,16,2.0,[2],7,8,2.0,There was a chair impressing Cindy.,shuffle_deterministic21
False,24,3.0,[6],5,8,3.0,There was a chair impressing Cindy.,shuffle_nondeterministic
False,20,2.5,[4],7,8,2.5,There was a chair impressing Cindy.,shuffle_even_odd
True,11,1.5714285714285714,[],0,7,1.5714285714285714,Which boy has the association worried?,english
True,11,1.5714285714285714,[],0,7,1.5714285714285714,Which boy has the association worried?,reverse_full
True,15,2.142857142857143,[],0,7,2.142857142857143,Which boy has the association worried?,partial_reverse
False,14,2.0,[],3,7,2.0,Which boy has the association worried?,shuffle_local3
False,16,2.2857142857142856,[],3,7,2.2857142857142856,Which boy has the association worried?,shuffle_local5
False,17,2.4285714285714284,[],3,7,2.4285714285714284,Which boy has the association worried?,shuffle_local10
False,15,2.142857142857143,[],5,7,2.142857142857143,Which boy has the association worried?,shuffle_deterministic21
False,17,2.4285714285714284,[],3,7,2.4285714285714284,Which boy has the association worried?,shuffle_nondeterministic
False,21,3.0,[],7,7,3.0,Which boy has the association worried?,shuffle_even_odd
True,12,1.7142857142857142,[1],0,7,1.7142857142857142,There aren't many socks soaking.,english
True,12,1.7142857142857142,[1],0,7,1.7142857142857142,There aren't many socks soaking.,reverse_full
True,12,1.7142857142857142,[5],0,7,1.7142857142857142,There aren't many socks soaking.,partial_reverse
True,12,1.7142857142857142,[1],0,7,1.7142857142857142,There aren't many socks soaking.,shuffle_local3
False,19,2.7142857142857144,[3],5,7,2.7142857142857144,There aren't many socks soaking.,shuffle_local5
False,19,2.7142857142857144,[3],4,7,2.7142857142857144,There aren't many socks soaking.,shuffle_local10
False,15,2.142857142857143,[4],6,7,2.142857142857143,There aren't many socks soaking.,shuffle_deterministic21
False,19,2.7142857142857144,[3],4,7,2.7142857142857144,There aren't many socks soaking.,shuffle_nondeterministic
False,17,2.4285714285714284,[3],4,7,2.4285714285714284,There aren't many socks soaking.,shuffle_even_odd
True,34,2.4285714285714284,"[1, 1]",0,14,2.4285714285714284,Kenneth isn't thinking about every guest that every boy has noticed.,english
True,34,2.4285714285714284,"[1, 1]",0,14,2.4285714285714284,Kenneth isn't thinking about every guest that every boy has noticed.,reverse_full
True,52,3.7142857142857144,"[1, 1]",0,14,3.7142857142857144,Kenneth isn't thinking about every guest that every boy has noticed.,partial_reverse
False,38,2.7142857142857144,"[1, 2]",7,14,2.7142857142857144,Kenneth isn't thinking about every guest that every boy has noticed.,shuffle_local3
False,35,2.5,"[1, 1]",5,14,2.5,Kenneth isn't thinking about every guest that every boy has noticed.,shuffle_local5
False,58,4.142857142857143,"[3, 2]",13,14,4.142857142857143,Kenneth isn't thinking about every guest that every boy has noticed.,shuffle_local10
False,64,4.571428571428571,"[3, 2]",18,14,4.571428571428571,Kenneth isn't thinking about every guest that every boy has noticed.,shuffle_deterministic21
False,64,4.571428571428571,"[9, 2]",16,14,4.571428571428571,Kenneth isn't thinking about every guest that every boy has noticed.,shuffle_nondeterministic
False,62,4.428571428571429,"[7, 7]",22,14,4.428571428571429,Kenneth isn't thinking about every guest that every boy has noticed.,shuffle_even_odd
True,19,1.9,[1],0,10,1.9,Who should James see while overwhelming these electricians?,english
True,19,1.9,[1],0,10,1.9,Who should James see while overwhelming these electricians?,reverse_full
True,37,3.7,[1],0,10,3.7,Who should James see while overwhelming these electricians?,partial_reverse
False,23,2.3,[1],4,10,2.3,Who should James see while overwhelming these electricians?,shuffle_local3
False,27,2.7,[1],0,10,2.7,Who should James see while overwhelming these electricians?,shuffle_local5
False,33,3.3,[5],9,10,3.3,Who should James see while overwhelming these electricians?,shuffle_local10
False,25,2.5,[2],2,10,2.5,Who should James see while overwhelming these electricians?,shuffle_deterministic21
False,33,3.3,[5],9,10,3.3,Who should James see while overwhelming these electricians?,shuffle_nondeterministic
False,31,3.1,[4],11,10,3.1,Who should James see while overwhelming these electricians?,shuffle_even_odd
True,10,1.4285714285714286,[1],0,7,1.4285714285714286,The broken computer wasn't cheap.,english
True,10,1.4285714285714286,[1],0,7,1.4285714285714286,The broken computer wasn't cheap.,reverse_full
False,18,2.5714285714285716,[1],0,7,2.5714285714285716,The broken computer wasn't cheap.,partial_reverse
True,10,1.4285714285714286,[1],0,7,1.4285714285714286,The broken computer wasn't cheap.,shuffle_local3
False,14,2.0,[3],6,7,2.0,The broken computer wasn't cheap.,shuffle_local5
False,18,2.5714285714285716,[5],4,7,2.5714285714285716,The broken computer wasn't cheap.,shuffle_local10
False,17,2.4285714285714284,[3],1,7,2.4285714285714284,The broken computer wasn't cheap.,shuffle_deterministic21
False,18,2.5714285714285716,[5],4,7,2.5714285714285716,The broken computer wasn't cheap.,shuffle_nondeterministic
False,14,2.0,[3],2,7,2.0,The broken computer wasn't cheap.,shuffle_even_odd
True,50,2.5,"[1, 1, 1]",0,20,2.5,Some driver that shouldn't hate the Lutherans pushes Thomas's tutor to walk through these closets.,english
True,50,2.5,"[1, 1, 1]",0,20,2.5,Some driver that shouldn't hate the Lutherans pushes Thomas's tutor to walk through these closets.,reverse_full
False,68,3.4,"[1, 1, 1]",1,20,3.4,Some driver that shouldn't hate the Lutherans pushes Thomas's tutor to walk through these closets.,partial_reverse
False,50,2.5,"[1, 1, 2]",1,20,2.5,Some driver that shouldn't hate the Lutherans pushes Thomas's tutor to walk through these closets.,shuffle_local3
False,57,2.85,"[2, 1, 1]",15,20,2.85,Some driver that shouldn't hate the Lutherans pushes Thomas's tutor to walk through these closets.,shuffle_local5
False,110,5.5,"[6, 5, 5]",36,20,5.5,Some driver that shouldn't hate the Lutherans pushes Thomas's tutor to walk through these closets.,shuffle_local10
False,111,5.55,"[17, 9, 4]",56,20,5.55,Some driver that shouldn't hate the Lutherans pushes Thomas's tutor to walk through these closets.,shuffle_deterministic21
False,143,7.15,"[2, 1, 5]",42,20,7.15,Some driver that shouldn't hate the Lutherans pushes Thomas's tutor to walk through these closets.,shuffle_nondeterministic
False,127,6.35,"[9, 9, 9]",67,20,6.35,Some driver that shouldn't hate the Lutherans pushes Thomas's tutor to walk through these closets.,shuffle_even_odd
True,59,3.4705882352941178,[1],0,17,3.4705882352941178,All actors are investigating this organization that these committees that hadn't hired Thomas should annoy.,english
True,59,3.4705882352941178,[1],0,17,3.4705882352941178,All actors are investigating this organization that these committees that hadn't hired Thomas should annoy.,reverse_full
False,70,4.117647058823529,[1],1,17,4.117647058823529,All actors are investigating this organization that these committees that hadn't hired Thomas should annoy.,partial_reverse
False,63,3.7058823529411766,[1],2,17,3.7058823529411766,All actors are investigating this organization that these committees that hadn't hired Thomas should annoy.,shuffle_local3
False,90,5.294117647058823,[2],23,17,5.294117647058823,All actors are investigating this organization that these committees that hadn't hired Thomas should annoy.,shuffle_local5
False,86,5.0588235294117645,[1],22,17,5.0588235294117645,All actors are investigating this organization that these committees that hadn't hired Thomas should annoy.,shuffle_local10
False,93,5.470588235294118,[11],45,17,5.470588235294118,All actors are investigating this organization that these committees that hadn't hired Thomas should annoy.,shuffle_deterministic21
False,87,5.117647058823529,[3],36,17,5.117647058823529,All actors are investigating this organization that these committees that hadn't hired Thomas should annoy.,shuffle_nondeterministic
False,106,6.235294117647059,[9],38,17,6.235294117647059,All actors are investigating this organization that these committees that hadn't hired Thomas should annoy.,shuffle_even_odd
True,20,1.8181818181818181,[],0,11,1.8181818181818181,Those people question the teacher that returned to some lakes.,english
True,20,1.8181818181818181,[],0,11,1.8181818181818181,Those people question the teacher that returned to some lakes.,reverse_full
True,18,1.6363636363636365,[],0,11,1.6363636363636365,Those people question the teacher that returned to some lakes.,partial_reverse
False,32,2.909090909090909,[],8,11,2.909090909090909,Those people question the teacher that returned to some lakes.,shuffle_local3
False,28,2.5454545454545454,[],6,11,2.5454545454545454,Those people question the teacher that returned to some lakes.,shuffle_local5
False,39,3.5454545454545454,[],6,11,3.5454545454545454,Those people question the teacher that returned to some lakes.,shuffle_local10
False,42,3.8181818181818183,[],9,11,3.8181818181818183,Those people question the teacher that returned to some lakes.,shuffle_deterministic21
False,41,3.727272727272727,[],17,11,3.727272727272727,Those people question the teacher that returned to some lakes.,shuffle_nondeterministic
False,40,3.6363636363636362,[],17,11,3.6363636363636362,Those people question the teacher that returned to some lakes.,shuffle_even_odd
True,5,1.0,[],0,5,1.0,Most hospitals insulted themselves.,english
True,5,1.0,[],0,5,1.0,Most hospitals insulted themselves.,reverse_full
False,8,1.6,[],0,5,1.6,Most hospitals insulted themselves.,partial_reverse
False,8,1.6,[],2,5,1.6,Most hospitals insulted themselves.,shuffle_local3
True,7,1.4,[],0,5,1.4,Most hospitals insulted themselves.,shuffle_local5
True,7,1.4,[],0,5,1.4,Most hospitals insulted themselves.,shuffle_local10
True,7,1.4,[],0,5,1.4,Most hospitals insulted themselves.,shuffle_deterministic21
True,7,1.4,[],0,5,1.4,Most hospitals insulted themselves.,shuffle_nondeterministic
False,9,1.8,[],1,5,1.8,Most hospitals insulted themselves.,shuffle_even_odd
True,50,2.6315789473684212,"[1, 2, 1, 1]",0,19,2.6315789473684212,Kimberley remembers those banks that all drivers arrive at that aren't impressing all offspring.,english
True,50,2.6315789473684212,"[1, 1, 2, 1]",0,19,2.6315789473684212,Kimberley remembers those banks that all drivers arrive at that aren't impressing all offspring.,reverse_full
True,44,2.3157894736842106,"[1, 2, 1, 1]",0,19,2.3157894736842106,Kimberley remembers those banks that all drivers arrive at that aren't impressing all offspring.,partial_reverse
False,51,2.6842105263157894,"[2, 1, 2, 4]",3,19,2.6842105263157894,Kimberley remembers those banks that all drivers arrive at that aren't impressing all offspring.,shuffle_local3
False,69,3.6315789473684212,"[3, 2, 2, 4]",14,19,3.6315789473684212,Kimberley remembers those banks that all drivers arrive at that aren't impressing all offspring.,shuffle_local5
False,68,3.5789473684210527,"[3, 2, 2, 3]",21,19,3.5789473684210527,Kimberley remembers those banks that all drivers arrive at that aren't impressing all offspring.,shuffle_local10
False,124,6.526315789473684,"[4, 8, 11, 15]",45,19,6.526315789473684,Kimberley remembers those banks that all drivers arrive at that aren't impressing all offspring.,shuffle_deterministic21
False,112,5.894736842105263,"[1, 9, 3, 5]",50,19,5.894736842105263,Kimberley remembers those banks that all drivers arrive at that aren't impressing all offspring.,shuffle_nondeterministic
False,136,7.157894736842105,"[1, 10, 10, 10]",65,19,7.157894736842105,Kimberley remembers those banks that all drivers arrive at that aren't impressing all offspring.,shuffle_even_odd
True,29,2.230769230769231,[1],0,13,2.230769230769231,Most guys forget some analyses that haven't boasted about some guys.,english
True,29,2.230769230769231,[1],0,13,2.230769230769231,Most guys forget some analyses that haven't boasted about some guys.,reverse_full
False,37,2.8461538461538463,[1],1,13,2.8461538461538463,Most guys forget some analyses that haven't boasted about some guys.,partial_reverse
True,29,2.230769230769231,[1],0,13,2.230769230769231,Most guys forget some analyses that haven't boasted about some guys.,shuffle_local3
False,30,2.3076923076923075,[1],5,13,2.3076923076923075,Most guys forget some analyses that haven't boasted about some guys.,shuffle_local5
False,57,4.384615384615385,[3],18,13,4.384615384615385,Most guys forget some analyses that haven't boasted about some guys.,shuffle_local10
False,54,4.153846153846154,[3],20,13,4.153846153846154,Most guys forget some analyses that haven't boasted about some guys.,shuffle_deterministic21
False,63,4.846153846153846,[1],15,13,4.846153846153846,Most guys forget some analyses that haven't boasted about some guys.,shuffle_nondeterministic
False,55,4.230769230769231,[7],24,13,4.230769230769231,Most guys forget some analyses that haven't boasted about some guys.,shuffle_even_odd
True,6,1.2,[1],0,5,1.2,Connie knows herself.,english
True,6,1.2,[1],0,5,1.2,Connie knows herself.,reverse_full
False,10,2.0,[4],0,5,2.0,Connie knows herself.,partial_reverse
False,8,1.6,[2],2,5,1.6,Connie knows herself.,shuffle_local3
False,7,1.4,[3],1,5,1.4,Connie knows herself.,shuffle_local5
False,7,1.4,[3],1,5,1.4,Connie knows herself.,shuffle_local10
True,8,1.6,[1],0,5,1.6,Connie knows herself.,shuffle_deterministic21
False,7,1.4,[3],1,5,1.4,Connie knows herself.,shuffle_nondeterministic
False,8,1.6,[3],1,5,1.6,Connie knows herself.,shuffle_even_odd
True,18,1.6363636363636365,[],0,11,1.6363636363636365,The tall girl close to the ladder was describing herself.,english
True,18,1.6363636363636365,[],0,11,1.6363636363636365,The tall girl close to the ladder was describing herself.,reverse_full
False,22,2.0,[],0,11,2.0,The tall girl close to the ladder was describing herself.,partial_reverse
False,23,2.090909090909091,[],3,11,2.090909090909091,The tall girl close to the ladder was describing herself.,shuffle_local3
False,30,2.727272727272727,[],8,11,2.727272727272727,The tall girl close to the ladder was describing herself.,shuffle_local5
False,40,3.6363636363636362,[],8,11,3.6363636363636362,The tall girl close to the ladder was describing herself.,shuffle_local10
False,43,3.909090909090909,[],11,11,3.909090909090909,The tall girl close to the ladder was describing herself.,shuffle_deterministic21
False,34,3.090909090909091,[],12,11,3.090909090909091,The tall girl close to the ladder was describing herself.,shuffle_nondeterministic
False,38,3.4545454545454546,[],14,11,3.4545454545454546,The tall girl close to the ladder was describing herself.,shuffle_even_odd
True,26,2.1666666666666665,"[1, 1]",0,12,2.1666666666666665,A school that shouldn't work with Carlos criticizes itself.,english
True,26,2.1666666666666665,"[1, 1]",0,12,2.1666666666666665,A school that shouldn't work with Carlos criticizes itself.,reverse_full
False,32,2.6666666666666665,"[1, 1]",1,12,2.6666666666666665,A school that shouldn't work with Carlos criticizes itself.,partial_reverse
False,28,2.3333333333333335,"[2, 2]",9,12,2.3333333333333335,A school that shouldn't work with Carlos criticizes itself.,shuffle_local3
False,39,3.25,"[2, 2]",17,12,3.25,A school that shouldn't work with Carlos criticizes itself.,shuffle_local5
False,54,4.5,"[4, 4]",24,12,4.5,A school that shouldn't work with Carlos criticizes itself.,shuffle_local10
False,61,5.083333333333333,"[6, 7]",19,12,5.083333333333333,A school that shouldn't work with Carlos criticizes itself.,shuffle_deterministic21
False,44,3.6666666666666665,"[9, 3]",9,12,3.6666666666666665,A school that shouldn't work with Carlos criticizes itself.,shuffle_nondeterministic
False,48,4.0,"[5, 6]",18,12,4.0,A school that shouldn't work with Carlos criticizes itself.,shuffle_even_odd
True,53,3.533333333333333,"[1, 1]",0,15,3.533333333333333,Tammy discovers every convertible that every doctor that shouldn't love Edward discovered.,english
True,53,3.533333333333333,"[1, 1]",0,15,3.533333333333333,Tammy discovers every convertible that every doctor that shouldn't love Edward discovered.,reverse_full
False,63,4.2,"[1, 1]",1,15,4.2,Tammy discovers every convertible that every doctor that shouldn't love Edward discovered.,partial_reverse
False,51,3.4,"[1, 1]",3,15,3.4,Tammy discovers every convertible that every doctor that shouldn't love Edward discovered.,shuffle_local3
False,58,3.8666666666666667,"[1, 8]",10,15,3.8666666666666667,Tammy discovers every convertible that every doctor that shouldn't love Edward discovered.,shuffle_local5
False,78,5.2,"[2, 8]",21,15,5.2,Tammy discovers every convertible that every doctor that shouldn't love Edward discovered.,shuffle_local10
False,82,5.466666666666667,"[1, 9]",14,15,5.466666666666667,Tammy discovers every convertible that every doctor that shouldn't love Edward discovered.,shuffle_deterministic21
False,62,4.133333333333334,"[2, 8]",22,15,4.133333333333334,Tammy discovers every convertible that every doctor that shouldn't love Edward discovered.,shuffle_nondeterministic
False,76,5.066666666666666,"[7, 8]",28,15,5.066666666666666,Tammy discovers every convertible that every doctor that shouldn't love Edward discovered.,shuffle_even_odd
True,50,2.5,"[1, 1, 1]",0,20,2.5,Marla shouldn't talk about one important documentary and Liam shouldn't talk about at least as many.,english
True,50,2.5,"[1, 1, 1]",0,20,2.5,Marla shouldn't talk about one important documentary and Liam shouldn't talk about at least as many.,reverse_full
False,65,3.25,"[1, 1, 1]",2,20,3.25,Marla shouldn't talk about one important documentary and Liam shouldn't talk about at least as many.,partial_reverse
False,57,2.85,"[2, 2, 2]",12,20,2.85,Marla shouldn't talk about one important documentary and Liam shouldn't talk about at least as many.,shuffle_local3
False,57,2.85,"[1, 4, 2]",12,20,2.85,Marla shouldn't talk about one important documentary and Liam shouldn't talk about at least as many.,shuffle_local5
False,66,3.3,"[1, 6, 2]",24,20,3.3,Marla shouldn't talk about one important documentary and Liam shouldn't talk about at least as many.,shuffle_local10
False,148,7.4,"[8, 6, 1]",45,20,7.4,Marla shouldn't talk about one important documentary and Liam shouldn't talk about at least as many.,shuffle_deterministic21
False,120,6.0,"[1, 5, 12]",40,20,6.0,Marla shouldn't talk about one important documentary and Liam shouldn't talk about at least as many.,shuffle_nondeterministic
False,131,6.55,"[9, 10, 10]",56,20,6.55,Marla shouldn't talk about one important documentary and Liam shouldn't talk about at least as many.,shuffle_even_odd
False,30,2.5,[],1,12,2.5,Joseph was questioning the men that this picture did look like.,english
False,30,2.5,[],1,12,2.5,Joseph was questioning the men that this picture did look like.,reverse_full
False,28,2.3333333333333335,[],1,12,2.3333333333333335,Joseph was questioning the men that this picture did look like.,partial_reverse
False,41,3.4166666666666665,[],8,12,3.4166666666666665,Joseph was questioning the men that this picture did look like.,shuffle_local3
False,40,3.3333333333333335,[],6,12,3.3333333333333335,Joseph was questioning the men that this picture did look like.,shuffle_local5
False,62,5.166666666666667,[],25,12,5.166666666666667,Joseph was questioning the men that this picture did look like.,shuffle_local10
False,61,5.083333333333333,[],24,12,5.083333333333333,Joseph was questioning the men that this picture did look like.,shuffle_deterministic21
False,50,4.166666666666667,[],15,12,4.166666666666667,Joseph was questioning the men that this picture did look like.,shuffle_nondeterministic
False,51,4.25,[],12,12,4.25,Joseph was questioning the men that this picture did look like.,shuffle_even_odd
True,16,1.6,[],0,10,1.6,Most patients who notice Amy have complained about themselves.,english
True,16,1.6,[],0,10,1.6,Most patients who notice Amy have complained about themselves.,reverse_full
False,28,2.8,[],1,10,2.8,Most patients who notice Amy have complained about themselves.,partial_reverse
False,29,2.9,[],4,10,2.9,Most patients who notice Amy have complained about themselves.,shuffle_local3
False,22,2.2,[],7,10,2.2,Most patients who notice Amy have complained about themselves.,shuffle_local5
False,34,3.4,[],5,10,3.4,Most patients who notice Amy have complained about themselves.,shuffle_local10
False,28,2.8,[],5,10,2.8,Most patients who notice Amy have complained about themselves.,shuffle_deterministic21
False,34,3.4,[],5,10,3.4,Most patients who notice Amy have complained about themselves.,shuffle_nondeterministic
False,36,3.6,[],16,10,3.6,Most patients who notice Amy have complained about themselves.,shuffle_even_odd
True,8,1.3333333333333333,[1],0,6,1.3333333333333333,Teresa has loved herself.,english
True,8,1.3333333333333333,[1],0,6,1.3333333333333333,Teresa has loved herself.,reverse_full
True,9,1.5,[1],0,6,1.5,Teresa has loved herself.,partial_reverse
True,8,1.3333333333333333,[1],0,6,1.3333333333333333,Teresa has loved herself.,shuffle_local3
False,12,2.0,[2],3,6,2.0,Teresa has loved herself.,shuffle_local5
False,10,1.6666666666666667,[2],3,6,1.6666666666666667,Teresa has loved herself.,shuffle_local10
True,8,1.3333333333333333,[1],0,6,1.3333333333333333,Teresa has loved herself.,shuffle_deterministic21
False,10,1.6666666666666667,[2],3,6,1.6666666666666667,Teresa has loved herself.,shuffle_nondeterministic
False,13,2.1666666666666665,[3],2,6,2.1666666666666665,Teresa has loved herself.,shuffle_even_odd
False,11,1.5714285714285714,[],1,7,1.5714285714285714,Which documentary might Dan talk about?,english
False,11,1.5714285714285714,[],1,7,1.5714285714285714,Which documentary might Dan talk about?,reverse_full
False,9,1.2857142857142858,[],1,7,1.2857142857142858,Which documentary might Dan talk about?,partial_reverse
True,11,1.5714285714285714,[],0,7,1.5714285714285714,Which documentary might Dan talk about?,shuffle_local3
False,14,2.0,[],2,7,2.0,Which documentary might Dan talk about?,shuffle_local5
False,16,2.2857142857142856,[],4,7,2.2857142857142856,Which documentary might Dan talk about?,shuffle_local10
False,17,2.4285714285714284,[],4,7,2.4285714285714284,Which documentary might Dan talk about?,shuffle_deterministic21
False,16,2.2857142857142856,[],4,7,2.2857142857142856,Which documentary might Dan talk about?,shuffle_nondeterministic
False,15,2.142857142857143,[],3,7,2.142857142857143,Which documentary might Dan talk about?,shuffle_even_odd
True,33,2.357142857142857,[1],0,14,2.357142857142857,Travis knows some patients that dogs do embarrass that sold some rabbit.,english
True,33,2.357142857142857,[1],0,14,2.357142857142857,Travis knows some patients that dogs do embarrass that sold some rabbit.,reverse_full
False,42,3.0,[1],1,14,3.0,Travis knows some patients that dogs do embarrass that sold some rabbit.,partial_reverse
False,37,2.642857142857143,[2],6,14,2.642857142857143,Travis knows some patients that dogs do embarrass that sold some rabbit.,shuffle_local3
False,37,2.642857142857143,[3],4,14,2.642857142857143,Travis knows some patients that dogs do embarrass that sold some rabbit.,shuffle_local5
False,46,3.2857142857142856,[3],20,14,3.2857142857142856,Travis knows some patients that dogs do embarrass that sold some rabbit.,shuffle_local10
False,66,4.714285714285714,[3],17,14,4.714285714285714,Travis knows some patients that dogs do embarrass that sold some rabbit.,shuffle_deterministic21
False,67,4.785714285714286,[8],11,14,4.785714285714286,Travis knows some patients that dogs do embarrass that sold some rabbit.,shuffle_nondeterministic
False,55,3.9285714285714284,[7],15,14,3.9285714285714284,Travis knows some patients that dogs do embarrass that sold some rabbit.,shuffle_even_odd
